student_id,cluster,num_recommendations
S00001,0,1
S00002,1,3
S00003,2,0
S00004,2,0
S00005,1,3
S00006,0,1
S00007,1,3
S00008,2,0
S00009,0,1
S00010,0,1
S00011,0,1
S00012,2,0
S00013,0,1
S00014,2,0
S00015,1,3
S00016,0,1
S00017,2,0
S00018,2,0
S00019,0,1
S00020,2,0
S00021,2,0
S00022,0,1
S00023,2,0
S00024,1,3
S00025,1,3
S00026,0,1
S00027,0,1
S00028,0,1
S00029,0,1
S00030,2,0
S00031,1,3
S00032,1,3
S00033,0,1
S00034,1,3
S00035,0,1
S00036,0,1
S00037,0,1
S00038,0,1
S00039,0,1
S00040,0,1
S00041,1,3
S00042,2,0
S00043,0,1
S00044,1,3
S00045,2,0
S00046,0,1
S00047,0,1
S00048,1,3
S00049,1,3
S00050,2,0
S00051,2,0
S00052,0,1
S00053,1,3
S00054,2,0
S00055,0,1
S00056,0,1
S00057,2,0
S00058,1,3
S00059,1,3
S00060,2,0
S00061,0,1
S00062,1,3
S00063,2,0
S00064,0,1
S00065,1,3
S00066,1,3
S00067,2,0
S00068,2,0
S00069,0,1
S00070,1,3
S00071,0,1
S00072,2,0
S00073,1,3
S00074,2,0
S00075,0,1
S00076,0,1
S00077,1,3
S00078,0,1
S00079,2,0
S00080,0,1
S00081,1,3
S00082,0,1
S00083,0,1
S00084,2,0
S00085,2,0
S00086,0,1
S00087,2,0
S00088,1,3
S00089,0,1
S00090,0,1
S00091,2,0
S00092,2,0
S00093,1,3
S00094,0,1
S00095,2,0
S00096,0,1
S00097,1,3
S00098,2,0
S00099,2,0
S00100,1,3
S00101,2,0
S00102,2,0
S00103,0,1
S00104,0,1
S00105,0,1
S00106,1,3
S00107,2,0
S00108,1,3
S00109,1,3
S00110,1,3
S00111,1,3
S00112,0,1
S00113,1,3
S00114,1,3
S00115,0,1
S00116,0,1
S00117,0,1
S00118,1,3
S00119,2,0
S00120,0,1
S00121,1,3
S00122,0,1
S00123,1,3
S00124,1,3
S00125,0,1
S00126,1,3
S00127,0,1
S00128,0,1
S00129,2,0
S00130,0,1
S00131,1,3
S00132,1,3
S00133,2,0
S00134,1,3
S00135,1,3
S00136,0,1
S00137,0,1
S00138,2,0
S00139,1,3
S00140,1,3
S00141,2,0
S00142,2,0
S00143,2,0
S00144,0,1
S00145,0,1
S00146,0,1
S00147,0,1
S00148,1,3
S00149,0,1
S00150,1,3
S00151,0,1
S00152,2,0
S00153,0,1
S00154,0,1
S00155,2,0
S00156,0,1
S00157,0,1
S00158,0,1
S00159,0,1
S00160,1,3
S00161,0,1
S00162,0,1
S00163,1,3
S00164,1,3
S00165,0,1
S00166,1,3
S00167,2,0
S00168,0,1
S00169,0,1
S00170,0,1
S00171,0,1
S00172,0,1
S00173,2,0
S00174,0,1
S00175,1,3
S00176,1,3
S00177,2,0
S00178,1,3
S00179,2,0
S00180,1,3
S00181,2,0
S00182,0,1
S00183,1,3
S00184,2,0
S00185,0,1
S00186,2,0
S00187,1,3
S00188,0,1
S00189,1,3
S00190,0,1
S00191,1,3
S00192,1,3
S00193,2,0
S00194,1,3
S00195,0,1
S00196,0,1
S00197,0,1
S00198,0,1
S00199,2,0
S00200,2,0
S00201,2,0
S00202,0,1
S00203,0,1
S00204,0,1
S00205,0,1
S00206,2,0
S00207,0,1
S00208,0,1
S00209,2,0
S00210,0,1
S00211,1,3
S00212,0,1
S00213,1,3
S00214,0,1
S00215,0,1
S00216,0,1
S00217,1,3
S00218,0,1
S00219,0,1
S00220,0,1
S00221,2,0
S00222,0,1
S00223,1,3
S00224,0,1
S00225,0,1
S00226,2,0
S00227,0,1
S00228,0,1
S00229,1,3
S00230,2,0
S00231,0,1
S00232,1,3
S00233,1,3
S00234,1,3
S00235,1,3
S00236,2,0
S00237,1,3
S00238,0,1
S00239,1,3
S00240,0,1
S00241,0,1
S00242,0,1
S00243,0,1
S00244,1,3
S00245,0,1
S00246,2,0
S00247,0,1
S00248,0,1
S00249,1,3
S00250,2,0
S00251,1,3
S00252,2,0
S00253,2,0
S00254,2,0
S00255,0,1
S00256,0,1
S00257,1,3
S00258,0,1
S00259,0,1
S00260,1,3
S00261,2,0
S00262,1,3
S00263,0,1
S00264,0,1
S00265,1,3
S00266,2,0
S00267,1,3
S00268,2,0
S00269,2,0
S00270,0,1
S00271,2,0
S00272,1,3
S00273,1,3
S00274,0,1
S00275,1,3
S00276,0,1
S00277,1,3
S00278,1,3
S00279,2,0
S00280,2,0
S00281,0,1
S00282,0,1
S00283,0,1
S00284,0,1
S00285,1,3
S00286,2,0
S00287,0,1
S00288,1,3
S00289,0,1
S00290,0,1
S00291,0,1
S00292,2,0
S00293,0,1
S00294,1,3
S00295,2,0
S00296,2,0
S00297,0,1
S00298,0,1
S00299,1,3
S00300,1,3
S00301,2,0
S00302,0,1
S00303,0,1
S00304,2,0
S00305,1,3
S00306,2,0
S00307,0,1
S00308,1,3
S00309,1,3
S00310,1,3
S00311,0,1
S00312,2,0
S00313,1,3
S00314,0,1
S00315,1,3
S00316,0,1
S00317,1,3
S00318,2,0
S00319,0,1
S00320,0,1
S00321,2,0
S00322,0,1
S00323,1,3
S00324,0,1
S00325,2,0
S00326,1,3
S00327,2,0
S00328,1,3
S00329,1,3
S00330,0,1
S00331,1,3
S00332,2,0
S00333,2,0
S00334,2,0
S00335,1,3
S00336,0,1
S00337,1,3
S00338,0,1
S00339,2,0
S00340,1,3
S00341,2,0
S00342,1,3
S00343,0,1
S00344,0,1
S00345,2,0
S00346,1,3
S00347,1,3
S00348,1,3
S00349,1,3
S00350,0,1
S00351,0,1
S00352,0,1
S00353,1,3
S00354,0,1
S00355,0,1
S00356,1,3
S00357,1,3
S00358,2,0
S00359,0,1
S00360,0,1
S00361,1,3
S00362,0,1
S00363,0,1
S00364,1,3
S00365,1,3
S00366,1,3
S00367,1,3
S00368,1,3
S00369,0,1
S00370,0,1
S00371,2,0
S00372,2,0
S00373,0,1
S00374,2,0
S00375,0,1
S00376,0,1
S00377,0,1
S00378,1,3
S00379,2,0
S00380,1,3
S00381,1,3
S00382,0,1
S00383,2,0
S00384,0,1
S00385,1,3
S00386,1,3
S00387,0,1
S00388,1,3
S00389,0,1
S00390,2,0
S00391,2,0
S00392,1,3
S00393,2,0
S00394,1,3
S00395,2,0
S00396,0,1
S00397,1,3
S00398,2,0
S00399,1,3
S00400,2,0
S00401,0,1
S00402,0,1
S00403,1,3
S00404,0,1
S00405,0,1
S00406,1,3
S00407,0,1
S00408,0,1
S00409,2,0
S00410,2,0
S00411,1,3
S00412,2,0
S00413,1,3
S00414,0,1
S00415,2,0
S00416,2,0
S00417,1,3
S00418,0,1
S00419,0,1
S00420,2,0
S00421,2,0
S00422,2,0
S00423,1,3
S00424,1,3
S00425,0,1
S00426,0,1
S00427,1,3
S00428,1,3
S00429,0,1
S00430,2,0
S00431,0,1
S00432,1,3
S00433,0,1
S00434,1,3
S00435,0,1
S00436,2,0
S00437,1,3
S00438,1,3
S00439,0,1
S00440,1,3
S00441,1,3
S00442,0,1
S00443,2,0
S00444,2,0
S00445,0,1
S00446,0,1
S00447,1,3
S00448,2,0
S00449,0,1
S00450,1,3
S00451,1,3
S00452,0,1
S00453,2,0
S00454,0,1
S00455,0,1
S00456,0,1
S00457,1,3
S00458,0,1
S00459,1,3
S00460,2,0
S00461,1,3
S00462,2,0
S00463,0,1
S00464,2,0
S00465,2,0
S00466,0,1
S00467,1,3
S00468,0,1
S00469,2,0
S00470,2,0
S00471,2,0
S00472,1,3
S00473,0,1
S00474,2,0
S00475,2,0
S00476,1,3
S00477,2,0
S00478,1,3
S00479,0,1
S00480,1,3
S00481,1,3
S00482,2,0
S00483,2,0
S00484,0,1
S00485,2,0
S00486,0,1
S00487,0,1
S00488,2,0
S00489,0,1
S00490,2,0
S00491,0,1
S00492,2,0
S00493,1,3
S00494,0,1
S00495,0,1
S00496,2,0
S00497,1,3
S00498,1,3
S00499,0,1
S00500,0,1
S00501,1,3
S00502,2,0
S00503,0,1
S00504,0,1
S00505,0,1
S00506,1,3
S00507,2,0
S00508,1,3
S00509,1,3
S00510,1,3
S00511,2,0
S00512,0,1
S00513,0,1
S00514,0,1
S00515,0,1
S00516,0,1
S00517,1,3
S00518,0,1
S00519,0,1
S00520,0,1
S00521,2,0
S00522,0,1
S00523,0,1
S00524,0,1
S00525,0,1
S00526,1,3
S00527,0,1
S00528,0,1
S00529,2,0
S00530,0,1
S00531,0,1
S00532,1,3
S00533,2,0
S00534,1,3
S00535,1,3
S00536,0,1
S00537,0,1
S00538,2,0
S00539,2,0
S00540,2,0
S00541,1,3
S00542,2,0
S00543,1,3
S00544,1,3
S00545,0,1
S00546,2,0
S00547,0,1
S00548,1,3
S00549,1,3
S00550,2,0
S00551,2,0
S00552,1,3
S00553,2,0
S00554,1,3
S00555,1,3
S00556,0,1
S00557,1,3
S00558,1,3
S00559,2,0
S00560,2,0
S00561,1,3
S00562,1,3
S00563,1,3
S00564,0,1
S00565,1,3
S00566,0,1
S00567,0,1
S00568,0,1
S00569,1,3
S00570,0,1
S00571,1,3
S00572,0,1
S00573,1,3
S00574,1,3
S00575,0,1
S00576,0,1
S00577,0,1
S00578,0,1
S00579,0,1
S00580,1,3
S00581,1,3
S00582,0,1
S00583,0,1
S00584,1,3
S00585,2,0
S00586,0,1
S00587,1,3
S00588,0,1
S00589,2,0
S00590,1,3
S00591,1,3
S00592,1,3
S00593,1,3
S00594,0,1
S00595,2,0
S00596,2,0
S00597,1,3
S00598,2,0
S00599,2,0
S00600,2,0
S00601,0,1
S00602,0,1
S00603,2,0
S00604,2,0
S00605,0,1
S00606,1,3
S00607,0,1
S00608,1,3
S00609,0,1
S00610,0,1
S00611,2,0
S00612,0,1
S00613,2,0
S00614,1,3
S00615,0,1
S00616,0,1
S00617,1,3
S00618,2,0
S00619,0,1
S00620,2,0
S00621,0,1
S00622,2,0
S00623,2,0
S00624,1,3
S00625,0,1
S00626,2,0
S00627,0,1
S00628,0,1
S00629,0,1
S00630,0,1
S00631,2,0
S00632,0,1
S00633,2,0
S00634,2,0
S00635,1,3
S00636,2,0
S00637,1,3
S00638,2,0
S00639,0,1
S00640,2,0
S00641,2,0
S00642,2,0
S00643,0,1
S00644,0,1
S00645,0,1
S00646,0,1
S00647,2,0
S00648,0,1
S00649,2,0
S00650,0,1
S00651,0,1
S00652,1,3
S00653,0,1
S00654,0,1
S00655,0,1
S00656,2,0
S00657,2,0
S00658,0,1
S00659,2,0
S00660,0,1
S00661,1,3
S00662,0,1
S00663,1,3
S00664,2,0
S00665,0,1
S00666,1,3
S00667,0,1
S00668,0,1
S00669,2,0
S00670,0,1
S00671,0,1
S00672,0,1
S00673,0,1
S00674,1,3
S00675,1,3
S00676,2,0
S00677,1,3
S00678,0,1
S00679,1,3
S00680,2,0
S00681,0,1
S00682,0,1
S00683,2,0
S00684,2,0
S00685,2,0
S00686,2,0
S00687,1,3
S00688,1,3
S00689,0,1
S00690,0,1
S00691,1,3
S00692,1,3
S00693,0,1
S00694,1,3
S00695,1,3
S00696,0,1
S00697,0,1
S00698,2,0
S00699,1,3
S00700,1,3
S00701,0,1
S00702,0,1
S00703,0,1
S00704,1,3
S00705,0,1
S00706,2,0
S00707,0,1
S00708,2,0
S00709,0,1
S00710,0,1
S00711,0,1
S00712,1,3
S00713,0,1
S00714,1,3
S00715,1,3
S00716,0,1
S00717,2,0
S00718,0,1
S00719,2,0
S00720,1,3
S00721,1,3
S00722,2,0
S00723,2,0
S00724,0,1
S00725,2,0
S00726,1,3
S00727,0,1
S00728,1,3
S00729,1,3
S00730,1,3
S00731,1,3
S00732,0,1
S00733,1,3
S00734,0,1
S00735,2,0
S00736,2,0
S00737,0,1
S00738,0,1
S00739,1,3
S00740,2,0
S00741,2,0
S00742,1,3
S00743,2,0
S00744,0,1
S00745,1,3
S00746,0,1
S00747,0,1
S00748,1,3
S00749,1,3
S00750,0,1
S00751,0,1
S00752,1,3
S00753,0,1
S00754,1,3
S00755,1,3
S00756,0,1
S00757,1,3
S00758,2,0
S00759,2,0
S00760,0,1
S00761,0,1
S00762,1,3
S00763,2,0
S00764,1,3
S00765,2,0
S00766,2,0
S00767,1,3
S00768,1,3
S00769,2,0
S00770,0,1
S00771,1,3
S00772,2,0
S00773,0,1
S00774,0,1
S00775,0,1
S00776,0,1
S00777,1,3
S00778,2,0
S00779,0,1
S00780,1,3
S00781,2,0
S00782,2,0
S00783,0,1
S00784,0,1
S00785,1,3
S00786,0,1
S00787,2,0
S00788,2,0
S00789,0,1
S00790,1,3
S00791,2,0
S00792,0,1
S00793,0,1
S00794,2,0
S00795,0,1
S00796,1,3
S00797,2,0
S00798,2,0
S00799,1,3
S00800,1,3
S00801,1,3
S00802,2,0
S00803,2,0
S00804,1,3
S00805,2,0
S00806,1,3
S00807,0,1
S00808,0,1
S00809,1,3
S00810,2,0
S00811,1,3
S00812,2,0
S00813,1,3
S00814,0,1
S00815,1,3
S00816,1,3
S00817,0,1
S00818,2,0
S00819,1,3
S00820,1,3
S00821,2,0
S00822,0,1
S00823,1,3
S00824,1,3
S00825,0,1
S00826,0,1
S00827,0,1
S00828,0,1
S00829,0,1
S00830,0,1
S00831,2,0
S00832,0,1
S00833,0,1
S00834,1,3
S00835,0,1
S00836,2,0
S00837,0,1
S00838,1,3
S00839,0,1
S00840,1,3
S00841,1,3
S00842,2,0
S00843,2,0
S00844,0,1
S00845,2,0
S00846,0,1
S00847,0,1
S00848,2,0
S00849,1,3
S00850,0,1
S00851,2,0
S00852,0,1
S00853,2,0
S00854,2,0
S00855,2,0
S00856,0,1
S00857,1,3
S00858,2,0
S00859,0,1
S00860,1,3
S00861,0,1
S00862,1,3
S00863,0,1
S00864,2,0
S00865,0,1
S00866,2,0
S00867,0,1
S00868,0,1
S00869,1,3
S00870,2,0
S00871,2,0
S00872,0,1
S00873,1,3
S00874,0,1
S00875,1,3
S00876,1,3
S00877,2,0
S00878,2,0
S00879,0,1
S00880,0,1
S00881,1,3
S00882,1,3
S00883,0,1
S00884,2,0
S00885,1,3
S00886,1,3
S00887,2,0
S00888,0,1
S00889,0,1
S00890,1,3
S00891,0,1
S00892,0,1
S00893,2,0
S00894,0,1
S00895,1,3
S00896,0,1
S00897,1,3
S00898,0,1
S00899,0,1
S00900,0,1
S00901,0,1
S00902,2,0
S00903,1,3
S00904,2,0
S00905,2,0
S00906,0,1
S00907,0,1
S00908,2,0
S00909,0,1
S00910,0,1
S00911,2,0
S00912,1,3
S00913,1,3
S00914,1,3
S00915,0,1
S00916,0,1
S00917,2,0
S00918,0,1
S00919,2,0
S00920,1,3
S00921,0,1
S00922,1,3
S00923,0,1
S00924,0,1
S00925,1,3
S00926,2,0
S00927,0,1
S00928,0,1
S00929,0,1
S00930,1,3
S00931,1,3
S00932,0,1
S00933,1,3
S00934,1,3
S00935,0,1
S00936,1,3
S00937,2,0
S00938,0,1
S00939,1,3
S00940,2,0
S00941,2,0
S00942,1,3
S00943,0,1
S00944,0,1
S00945,2,0
S00946,1,3
S00947,2,0
S00948,0,1
S00949,0,1
S00950,1,3
S00951,1,3
S00952,1,3
S00953,1,3
S00954,2,0
S00955,2,0
S00956,0,1
S00957,0,1
S00958,0,1
S00959,2,0
S00960,0,1
S00961,0,1
S00962,2,0
S00963,0,1
S00964,0,1
S00965,1,3
S00966,0,1
S00967,1,3
S00968,1,3
S00969,0,1
S00970,1,3
S00971,0,1
S00972,2,0
S00973,0,1
S00974,0,1
S00975,0,1
S00976,0,1
S00977,1,3
S00978,0,1
S00979,1,3
S00980,1,3
S00981,2,0
S00982,0,1
S00983,0,1
S00984,1,3
S00985,0,1
S00986,1,3
S00987,2,0
S00988,1,3
S00989,2,0
S00990,1,3
S00991,2,0
S00992,0,1
S00993,0,1
S00994,2,0
S00995,1,3
S00996,0,1
S00997,1,3
S00998,1,3
S00999,0,1
S01000,1,3
S01001,2,0
S01002,2,0
S01003,0,1
S01004,0,1
S01005,2,0
S01006,0,1
S01007,0,1
S01008,2,0
S01009,1,3
S01010,1,3
S01011,2,0
S01012,1,3
S01013,1,3
S01014,2,0
S01015,1,3
S01016,0,1
S01017,1,3
S01018,2,0
S01019,0,1
S01020,2,0
S01021,1,3
S01022,0,1
S01023,0,1
S01024,1,3
S01025,1,3
S01026,2,0
S01027,2,0
S01028,0,1
S01029,0,1
S01030,0,1
S01031,0,1
S01032,0,1
S01033,1,3
S01034,1,3
S01035,0,1
S01036,1,3
S01037,2,0
S01038,1,3
S01039,2,0
S01040,0,1
S01041,1,3
S01042,2,0
S01043,2,0
S01044,0,1
S01045,0,1
S01046,1,3
S01047,2,0
S01048,1,3
S01049,0,1
S01050,0,1
S01051,2,0
S01052,1,3
S01053,2,0
S01054,1,3
S01055,1,3
S01056,0,1
S01057,1,3
S01058,1,3
S01059,0,1
S01060,2,0
S01061,0,1
S01062,2,0
S01063,0,1
S01064,2,0
S01065,2,0
S01066,0,1
S01067,2,0
S01068,1,3
S01069,2,0
S01070,2,0
S01071,0,1
S01072,1,3
S01073,1,3
S01074,2,0
S01075,1,3
S01076,2,0
S01077,1,3
S01078,0,1
S01079,2,0
S01080,0,1
S01081,2,0
S01082,1,3
S01083,2,0
S01084,2,0
S01085,0,1
S01086,0,1
S01087,1,3
S01088,1,3
S01089,1,3
S01090,2,0
S01091,1,3
S01092,0,1
S01093,1,3
S01094,2,0
S01095,2,0
S01096,1,3
S01097,1,3
S01098,2,0
S01099,0,1
S01100,0,1
S01101,0,1
S01102,2,0
S01103,0,1
S01104,1,3
S01105,1,3
S01106,1,3
S01107,2,0
S01108,0,1
S01109,2,0
S01110,2,0
S01111,2,0
S01112,0,1
S01113,2,0
S01114,0,1
S01115,2,0
S01116,0,1
S01117,2,0
S01118,1,3
S01119,2,0
S01120,1,3
S01121,1,3
S01122,0,1
S01123,0,1
S01124,1,3
S01125,0,1
S01126,0,1
S01127,2,0
S01128,1,3
S01129,1,3
S01130,1,3
S01131,1,3
S01132,0,1
S01133,1,3
S01134,2,0
S01135,0,1
S01136,0,1
S01137,0,1
S01138,0,1
S01139,1,3
S01140,1,3
S01141,1,3
S01142,0,1
S01143,1,3
S01144,1,3
S01145,1,3
S01146,0,1
S01147,1,3
S01148,1,3
S01149,0,1
S01150,0,1
S01151,2,0
S01152,1,3
S01153,1,3
S01154,1,3
S01155,2,0
S01156,2,0
S01157,0,1
S01158,2,0
S01159,0,1
S01160,1,3
S01161,2,0
S01162,2,0
S01163,1,3
S01164,0,1
S01165,1,3
S01166,2,0
S01167,1,3
S01168,1,3
S01169,1,3
S01170,1,3
S01171,1,3
S01172,1,3
S01173,1,3
S01174,0,1
S01175,0,1
S01176,1,3
S01177,0,1
S01178,1,3
S01179,1,3
S01180,1,3
S01181,0,1
S01182,1,3
S01183,0,1
S01184,1,3
S01185,0,1
S01186,2,0
S01187,1,3
S01188,0,1
S01189,1,3
S01190,1,3
S01191,2,0
S01192,0,1
S01193,2,0
S01194,2,0
S01195,2,0
S01196,0,1
S01197,0,1
S01198,2,0
S01199,2,0
S01200,1,3
S01201,1,3
S01202,1,3
S01203,1,3
S01204,2,0
S01205,0,1
S01206,0,1
S01207,0,1
S01208,2,0
S01209,2,0
S01210,2,0
S01211,1,3
S01212,1,3
S01213,2,0
S01214,0,1
S01215,0,1
S01216,0,1
S01217,0,1
S01218,0,1
S01219,1,3
S01220,1,3
S01221,1,3
S01222,0,1
S01223,0,1
S01224,0,1
S01225,2,0
S01226,1,3
S01227,1,3
S01228,1,3
S01229,2,0
S01230,2,0
S01231,0,1
S01232,1,3
S01233,1,3
S01234,0,1
S01235,2,0
S01236,1,3
S01237,0,1
S01238,1,3
S01239,2,0
S01240,0,1
S01241,0,1
S01242,1,3
S01243,2,0
S01244,2,0
S01245,2,0
S01246,2,0
S01247,1,3
S01248,1,3
S01249,2,0
S01250,0,1
S01251,1,3
S01252,1,3
S01253,0,1
S01254,1,3
S01255,2,0
S01256,0,1
S01257,2,0
S01258,0,1
S01259,0,1
S01260,1,3
S01261,1,3
S01262,0,1
S01263,1,3
S01264,2,0
S01265,2,0
S01266,2,0
S01267,1,3
S01268,1,3
S01269,1,3
S01270,0,1
S01271,1,3
S01272,2,0
S01273,2,0
S01274,1,3
S01275,2,0
S01276,0,1
S01277,2,0
S01278,0,1
S01279,0,1
S01280,1,3
S01281,0,1
S01282,2,0
S01283,1,3
S01284,2,0
S01285,1,3
S01286,1,3
S01287,0,1
S01288,2,0
S01289,1,3
S01290,1,3
S01291,2,0
S01292,1,3
S01293,0,1
S01294,0,1
S01295,0,1
S01296,0,1
S01297,0,1
S01298,2,0
S01299,0,1
S01300,0,1
S01301,2,0
S01302,1,3
S01303,1,3
S01304,1,3
S01305,2,0
S01306,1,3
S01307,0,1
S01308,0,1
S01309,1,3
S01310,0,1
S01311,1,3
S01312,1,3
S01313,0,1
S01314,0,1
S01315,2,0
S01316,0,1
S01317,0,1
S01318,2,0
S01319,1,3
S01320,1,3
S01321,0,1
S01322,0,1
S01323,1,3
S01324,0,1
S01325,0,1
S01326,1,3
S01327,1,3
S01328,1,3
S01329,0,1
S01330,0,1
S01331,0,1
S01332,1,3
S01333,0,1
S01334,0,1
S01335,0,1
S01336,2,0
S01337,0,1
S01338,2,0
S01339,0,1
S01340,1,3
S01341,0,1
S01342,1,3
S01343,1,3
S01344,2,0
S01345,2,0
S01346,0,1
S01347,2,0
S01348,0,1
S01349,0,1
S01350,0,1
S01351,2,0
S01352,1,3
S01353,2,0
S01354,0,1
S01355,1,3
S01356,0,1
S01357,0,1
S01358,1,3
S01359,0,1
S01360,2,0
S01361,1,3
S01362,0,1
S01363,2,0
S01364,1,3
S01365,0,1
S01366,0,1
S01367,2,0
S01368,2,0
S01369,0,1
S01370,1,3
S01371,0,1
S01372,0,1
S01373,1,3
S01374,0,1
S01375,1,3
S01376,0,1
S01377,2,0
S01378,2,0
S01379,1,3
S01380,0,1
S01381,1,3
S01382,2,0
S01383,0,1
S01384,1,3
S01385,1,3
S01386,1,3
S01387,2,0
S01388,1,3
S01389,1,3
S01390,1,3
S01391,0,1
S01392,0,1
S01393,0,1
S01394,2,0
S01395,1,3
S01396,2,0
S01397,0,1
S01398,0,1
S01399,0,1
S01400,2,0
S01401,0,1
S01402,0,1
S01403,0,1
S01404,1,3
S01405,2,0
S01406,0,1
S01407,0,1
S01408,0,1
S01409,0,1
S01410,2,0
S01411,0,1
S01412,0,1
S01413,1,3
S01414,2,0
S01415,1,3
S01416,0,1
S01417,0,1
S01418,2,0
S01419,0,1
S01420,1,3
S01421,0,1
S01422,0,1
S01423,1,3
S01424,2,0
S01425,0,1
S01426,1,3
S01427,2,0
S01428,1,3
S01429,2,0
S01430,2,0
S01431,2,0
S01432,0,1
S01433,1,3
S01434,2,0
S01435,0,1
S01436,1,3
S01437,0,1
S01438,0,1
S01439,0,1
S01440,0,1
S01441,1,3
S01442,0,1
S01443,2,0
S01444,2,0
S01445,2,0
S01446,2,0
S01447,1,3
S01448,0,1
S01449,0,1
S01450,0,1
S01451,1,3
S01452,0,1
S01453,0,1
S01454,0,1
S01455,2,0
S01456,0,1
S01457,2,0
S01458,2,0
S01459,1,3
S01460,0,1
S01461,2,0
S01462,1,3
S01463,2,0
S01464,1,3
S01465,2,0
S01466,2,0
S01467,0,1
S01468,1,3
S01469,1,3
S01470,1,3
S01471,0,1
S01472,0,1
S01473,1,3
S01474,2,0
S01475,0,1
S01476,0,1
S01477,2,0
S01478,0,1
S01479,1,3
S01480,2,0
S01481,1,3
S01482,0,1
S01483,0,1
S01484,0,1
S01485,0,1
S01486,0,1
S01487,2,0
S01488,2,0
S01489,1,3
S01490,0,1
S01491,0,1
S01492,1,3
S01493,1,3
S01494,1,3
S01495,0,1
S01496,0,1
S01497,1,3
S01498,1,3
S01499,1,3
S01500,0,1
S01501,1,3
S01502,2,0
S01503,2,0
S01504,1,3
S01505,0,1
S01506,2,0
S01507,2,0
S01508,2,0
S01509,0,1
S01510,2,0
S01511,1,3
S01512,0,1
S01513,0,1
S01514,0,1
S01515,0,1
S01516,0,1
S01517,0,1
S01518,1,3
S01519,1,3
S01520,2,0
S01521,1,3
S01522,2,0
S01523,2,0
S01524,1,3
S01525,0,1
S01526,0,1
S01527,1,3
S01528,0,1
S01529,1,3
S01530,0,1
S01531,2,0
S01532,0,1
S01533,0,1
S01534,0,1
S01535,0,1
S01536,1,3
S01537,2,0
S01538,0,1
S01539,1,3
S01540,0,1
S01541,0,1
S01542,1,3
S01543,2,0
S01544,0,1
S01545,1,3
S01546,1,3
S01547,2,0
S01548,0,1
S01549,2,0
S01550,2,0
S01551,0,1
S01552,0,1
S01553,1,3
S01554,2,0
S01555,1,3
S01556,0,1
S01557,0,1
S01558,0,1
S01559,2,0
S01560,2,0
S01561,0,1
S01562,0,1
S01563,2,0
S01564,1,3
S01565,1,3
S01566,1,3
S01567,1,3
S01568,2,0
S01569,1,3
S01570,2,0
S01571,1,3
S01572,0,1
S01573,1,3
S01574,1,3
S01575,1,3
S01576,0,1
S01577,1,3
S01578,0,1
S01579,1,3
S01580,1,3
S01581,2,0
S01582,1,3
S01583,1,3
S01584,0,1
S01585,1,3
S01586,2,0
S01587,1,3
S01588,0,1
S01589,0,1
S01590,0,1
S01591,1,3
S01592,1,3
S01593,1,3
S01594,1,3
S01595,2,0
S01596,0,1
S01597,0,1
S01598,1,3
S01599,0,1
S01600,2,0
S01601,0,1
S01602,1,3
S01603,2,0
S01604,0,1
S01605,1,3
S01606,1,3
S01607,1,3
S01608,1,3
S01609,2,0
S01610,1,3
S01611,0,1
S01612,0,1
S01613,0,1
S01614,0,1
S01615,0,1
S01616,1,3
S01617,2,0
S01618,1,3
S01619,2,0
S01620,1,3
S01621,2,0
S01622,0,1
S01623,1,3
S01624,2,0
S01625,0,1
S01626,1,3
S01627,2,0
S01628,2,0
S01629,1,3
S01630,1,3
S01631,0,1
S01632,1,3
S01633,2,0
S01634,0,1
S01635,0,1
S01636,2,0
S01637,0,1
S01638,0,1
S01639,1,3
S01640,0,1
S01641,1,3
S01642,1,3
S01643,2,0
S01644,0,1
S01645,0,1
S01646,0,1
S01647,0,1
S01648,2,0
S01649,0,1
S01650,0,1
S01651,1,3
S01652,0,1
S01653,0,1
S01654,2,0
S01655,0,1
S01656,0,1
S01657,1,3
S01658,1,3
S01659,1,3
S01660,1,3
S01661,1,3
S01662,2,0
S01663,1,3
S01664,1,3
S01665,2,0
S01666,0,1
S01667,2,0
S01668,2,0
S01669,0,1
S01670,0,1
S01671,1,3
S01672,0,1
S01673,2,0
S01674,0,1
S01675,0,1
S01676,0,1
S01677,2,0
S01678,1,3
S01679,2,0
S01680,0,1
S01681,2,0
S01682,1,3
S01683,1,3
S01684,0,1
S01685,1,3
S01686,0,1
S01687,0,1
S01688,0,1
S01689,2,0
S01690,2,0
S01691,0,1
S01692,1,3
S01693,2,0
S01694,0,1
S01695,0,1
S01696,2,0
S01697,0,1
S01698,2,0
S01699,0,1
S01700,1,3
S01701,0,1
S01702,1,3
S01703,0,1
S01704,0,1
S01705,0,1
S01706,1,3
S01707,2,0
S01708,2,0
S01709,0,1
S01710,0,1
S01711,1,3
S01712,0,1
S01713,1,3
S01714,0,1
S01715,2,0
S01716,0,1
S01717,2,0
S01718,1,3
S01719,0,1
S01720,1,3
S01721,1,3
S01722,0,1
S01723,2,0
S01724,0,1
S01725,2,0
S01726,1,3
S01727,0,1
S01728,0,1
S01729,1,3
S01730,0,1
S01731,0,1
S01732,0,1
S01733,0,1
S01734,0,1
S01735,0,1
S01736,0,1
S01737,0,1
S01738,2,0
S01739,0,1
S01740,1,3
S01741,1,3
S01742,0,1
S01743,0,1
S01744,2,0
S01745,0,1
S01746,0,1
S01747,0,1
S01748,2,0
S01749,0,1
S01750,1,3
S01751,2,0
S01752,1,3
S01753,0,1
S01754,1,3
S01755,2,0
S01756,0,1
S01757,2,0
S01758,0,1
S01759,2,0
S01760,0,1
S01761,0,1
S01762,1,3
S01763,2,0
S01764,1,3
S01765,2,0
S01766,2,0
S01767,1,3
S01768,2,0
S01769,1,3
S01770,2,0
S01771,1,3
S01772,2,0
S01773,1,3
S01774,2,0
S01775,0,1
S01776,0,1
S01777,2,0
S01778,2,0
S01779,0,1
S01780,2,0
S01781,1,3
S01782,0,1
S01783,1,3
S01784,0,1
S01785,2,0
S01786,1,3
S01787,1,3
S01788,1,3
S01789,2,0
S01790,0,1
S01791,2,0
S01792,1,3
S01793,0,1
S01794,2,0
S01795,2,0
S01796,2,0
S01797,0,1
S01798,2,0
S01799,2,0
S01800,0,1
S01801,1,3
S01802,0,1
S01803,0,1
S01804,0,1
S01805,0,1
S01806,2,0
S01807,0,1
S01808,2,0
S01809,2,0
S01810,1,3
S01811,1,3
S01812,2,0
S01813,2,0
S01814,1,3
S01815,0,1
S01816,0,1
S01817,1,3
S01818,2,0
S01819,0,1
S01820,2,0
S01821,0,1
S01822,1,3
S01823,1,3
S01824,1,3
S01825,0,1
S01826,0,1
S01827,0,1
S01828,2,0
S01829,0,1
S01830,2,0
S01831,2,0
S01832,2,0
S01833,2,0
S01834,1,3
S01835,1,3
S01836,2,0
S01837,1,3
S01838,0,1
S01839,0,1
S01840,1,3
S01841,2,0
S01842,1,3
S01843,2,0
S01844,0,1
S01845,0,1
S01846,2,0
S01847,0,1
S01848,2,0
S01849,0,1
S01850,0,1
S01851,0,1
S01852,1,3
S01853,0,1
S01854,1,3
S01855,1,3
S01856,0,1
S01857,2,0
S01858,2,0
S01859,0,1
S01860,0,1
S01861,2,0
S01862,1,3
S01863,1,3
S01864,2,0
S01865,2,0
S01866,0,1
S01867,0,1
S01868,1,3
S01869,2,0
S01870,0,1
S01871,0,1
S01872,2,0
S01873,2,0
S01874,1,3
S01875,1,3
S01876,1,3
S01877,2,0
S01878,2,0
S01879,1,3
S01880,1,3
S01881,1,3
S01882,2,0
S01883,0,1
S01884,0,1
S01885,0,1
S01886,0,1
S01887,0,1
S01888,2,0
S01889,0,1
S01890,1,3
S01891,0,1
S01892,2,0
S01893,1,3
S01894,2,0
S01895,2,0
S01896,2,0
S01897,2,0
S01898,1,3
S01899,1,3
S01900,2,0
S01901,0,1
S01902,0,1
S01903,1,3
S01904,2,0
S01905,1,3
S01906,0,1
S01907,0,1
S01908,0,1
S01909,0,1
S01910,2,0
S01911,0,1
S01912,1,3
S01913,2,0
S01914,2,0
S01915,0,1
S01916,1,3
S01917,1,3
S01918,1,3
S01919,1,3
S01920,1,3
S01921,0,1
S01922,1,3
S01923,0,1
S01924,1,3
S01925,1,3
S01926,2,0
S01927,0,1
S01928,0,1
S01929,2,0
S01930,1,3
S01931,2,0
S01932,2,0
S01933,2,0
S01934,0,1
S01935,2,0
S01936,1,3
S01937,2,0
S01938,2,0
S01939,2,0
S01940,0,1
S01941,2,0
S01942,2,0
S01943,1,3
S01944,1,3
S01945,2,0
S01946,0,1
S01947,0,1
S01948,1,3
S01949,2,0
S01950,1,3
S01951,0,1
S01952,0,1
S01953,0,1
S01954,1,3
S01955,0,1
S01956,2,0
S01957,0,1
S01958,2,0
S01959,0,1
S01960,0,1
S01961,2,0
S01962,0,1
S01963,0,1
S01964,0,1
S01965,1,3
S01966,1,3
S01967,2,0
S01968,1,3
S01969,1,3
S01970,0,1
S01971,2,0
S01972,1,3
S01973,0,1
S01974,0,1
S01975,1,3
S01976,1,3
S01977,1,3
S01978,0,1
S01979,1,3
S01980,2,0
S01981,0,1
S01982,0,1
S01983,1,3
S01984,1,3
S01985,1,3
S01986,1,3
S01987,1,3
S01988,2,0
S01989,0,1
S01990,1,3
S01991,0,1
S01992,1,3
S01993,2,0
S01994,1,3
S01995,1,3
S01996,1,3
S01997,0,1
S01998,1,3
S01999,2,0
S02000,2,0
S02001,0,1
S02002,0,1
S02003,1,3
S02004,2,0
S02005,0,1
S02006,2,0
S02007,0,1
S02008,0,1
S02009,0,1
S02010,0,1
S02011,2,0
S02012,2,0
S02013,0,1
S02014,1,3
S02015,1,3
S02016,0,1
S02017,0,1
S02018,0,1
S02019,0,1
S02020,1,3
S02021,1,3
S02022,1,3
S02023,2,0
S02024,0,1
S02025,1,3
S02026,1,3
S02027,0,1
S02028,0,1
S02029,2,0
S02030,0,1
S02031,2,0
S02032,0,1
S02033,0,1
S02034,0,1
S02035,0,1
S02036,2,0
S02037,0,1
S02038,0,1
S02039,0,1
S02040,0,1
S02041,2,0
S02042,1,3
S02043,0,1
S02044,0,1
S02045,1,3
S02046,0,1
S02047,2,0
S02048,2,0
S02049,0,1
S02050,0,1
S02051,0,1
S02052,2,0
S02053,1,3
S02054,1,3
S02055,0,1
S02056,1,3
S02057,2,0
S02058,2,0
S02059,1,3
S02060,1,3
S02061,0,1
S02062,0,1
S02063,0,1
S02064,2,0
S02065,0,1
S02066,0,1
S02067,1,3
S02068,1,3
S02069,2,0
S02070,0,1
S02071,2,0
S02072,1,3
S02073,1,3
S02074,2,0
S02075,0,1
S02076,1,3
S02077,2,0
S02078,0,1
S02079,1,3
S02080,2,0
S02081,0,1
S02082,0,1
S02083,1,3
S02084,1,3
S02085,1,3
S02086,1,3
S02087,2,0
S02088,0,1
S02089,0,1
S02090,2,0
S02091,0,1
S02092,0,1
S02093,1,3
S02094,0,1
S02095,1,3
S02096,2,0
S02097,0,1
S02098,2,0
S02099,1,3
S02100,1,3
S02101,0,1
S02102,0,1
S02103,0,1
S02104,0,1
S02105,1,3
S02106,2,0
S02107,0,1
S02108,2,0
S02109,2,0
S02110,1,3
S02111,0,1
S02112,2,0
S02113,1,3
S02114,0,1
S02115,2,0
S02116,2,0
S02117,1,3
S02118,2,0
S02119,2,0
S02120,0,1
S02121,0,1
S02122,1,3
S02123,0,1
S02124,1,3
S02125,0,1
S02126,0,1
S02127,2,0
S02128,0,1
S02129,0,1
S02130,1,3
S02131,1,3
S02132,1,3
S02133,2,0
S02134,1,3
S02135,1,3
S02136,2,0
S02137,0,1
S02138,0,1
S02139,2,0
S02140,0,1
S02141,1,3
S02142,1,3
S02143,1,3
S02144,0,1
S02145,1,3
S02146,0,1
S02147,2,0
S02148,1,3
S02149,2,0
S02150,1,3
S02151,0,1
S02152,0,1
S02153,0,1
S02154,1,3
S02155,1,3
S02156,1,3
S02157,0,1
S02158,2,0
S02159,1,3
S02160,2,0
S02161,2,0
S02162,1,3
S02163,1,3
S02164,2,0
S02165,2,0
S02166,2,0
S02167,0,1
S02168,2,0
S02169,0,1
S02170,2,0
S02171,0,1
S02172,2,0
S02173,1,3
S02174,2,0
S02175,0,1
S02176,2,0
S02177,1,3
S02178,0,1
S02179,0,1
S02180,0,1
S02181,0,1
S02182,0,1
S02183,2,0
S02184,0,1
S02185,2,0
S02186,2,0
S02187,0,1
S02188,0,1
S02189,0,1
S02190,0,1
S02191,2,0
S02192,0,1
S02193,2,0
S02194,0,1
S02195,1,3
S02196,2,0
S02197,1,3
S02198,1,3
S02199,1,3
S02200,1,3
S02201,1,3
S02202,2,0
S02203,1,3
S02204,0,1
S02205,0,1
S02206,1,3
S02207,0,1
S02208,0,1
S02209,1,3
S02210,2,0
S02211,0,1
S02212,2,0
S02213,2,0
S02214,0,1
S02215,2,0
S02216,0,1
S02217,1,3
S02218,0,1
S02219,0,1
S02220,2,0
S02221,1,3
S02222,0,1
S02223,1,3
S02224,0,1
S02225,2,0
S02226,1,3
S02227,1,3
S02228,2,0
S02229,1,3
S02230,2,0
S02231,2,0
S02232,0,1
S02233,0,1
S02234,0,1
S02235,2,0
S02236,1,3
S02237,1,3
S02238,0,1
S02239,2,0
S02240,1,3
S02241,1,3
S02242,1,3
S02243,1,3
S02244,1,3
S02245,1,3
S02246,0,1
S02247,1,3
S02248,1,3
S02249,1,3
S02250,2,0
S02251,2,0
S02252,1,3
S02253,2,0
S02254,1,3
S02255,2,0
S02256,1,3
S02257,0,1
S02258,1,3
S02259,1,3
S02260,0,1
S02261,2,0
S02262,2,0
S02263,0,1
S02264,1,3
S02265,2,0
S02266,0,1
S02267,0,1
S02268,2,0
S02269,1,3
S02270,0,1
S02271,1,3
S02272,2,0
S02273,2,0
S02274,0,1
S02275,1,3
S02276,1,3
S02277,0,1
S02278,1,3
S02279,1,3
S02280,0,1
S02281,1,3
S02282,0,1
S02283,0,1
S02284,2,0
S02285,1,3
S02286,2,0
S02287,0,1
S02288,0,1
S02289,1,3
S02290,0,1
S02291,0,1
S02292,0,1
S02293,2,0
S02294,2,0
S02295,0,1
S02296,0,1
S02297,0,1
S02298,0,1
S02299,0,1
S02300,2,0
S02301,2,0
S02302,0,1
S02303,1,3
S02304,2,0
S02305,0,1
S02306,0,1
S02307,0,1
S02308,0,1
S02309,1,3
S02310,0,1
S02311,0,1
S02312,1,3
S02313,0,1
S02314,2,0
S02315,2,0
S02316,1,3
S02317,1,3
S02318,0,1
S02319,0,1
S02320,1,3
S02321,2,0
S02322,1,3
S02323,1,3
S02324,2,0
S02325,1,3
S02326,2,0
S02327,2,0
S02328,0,1
S02329,1,3
S02330,2,0
S02331,2,0
S02332,0,1
S02333,0,1
S02334,0,1
S02335,0,1
S02336,2,0
S02337,0,1
S02338,0,1
S02339,1,3
S02340,1,3
S02341,1,3
S02342,1,3
S02343,2,0
S02344,1,3
S02345,1,3
S02346,0,1
S02347,1,3
S02348,0,1
S02349,1,3
S02350,2,0
S02351,0,1
S02352,0,1
S02353,2,0
S02354,1,3
S02355,2,0
S02356,0,1
S02357,2,0
S02358,2,0
S02359,0,1
S02360,1,3
S02361,1,3
S02362,1,3
S02363,1,3
S02364,0,1
S02365,2,0
S02366,2,0
S02367,0,1
S02368,1,3
S02369,2,0
S02370,2,0
S02371,1,3
S02372,1,3
S02373,1,3
S02374,2,0
S02375,1,3
S02376,0,1
S02377,0,1
S02378,0,1
S02379,0,1
S02380,0,1
S02381,2,0
S02382,1,3
S02383,0,1
S02384,0,1
S02385,1,3
S02386,0,1
S02387,0,1
S02388,0,1
S02389,1,3
S02390,0,1
S02391,1,3
S02392,2,0
S02393,2,0
S02394,0,1
S02395,0,1
S02396,2,0
S02397,0,1
S02398,0,1
S02399,2,0
S02400,1,3
S02401,2,0
S02402,0,1
S02403,0,1
S02404,2,0
S02405,2,0
S02406,0,1
S02407,0,1
S02408,0,1
S02409,2,0
S02410,2,0
S02411,1,3
S02412,0,1
S02413,0,1
S02414,2,0
S02415,1,3
S02416,0,1
S02417,0,1
S02418,0,1
S02419,1,3
S02420,1,3
S02421,2,0
S02422,0,1
S02423,0,1
S02424,0,1
S02425,0,1
S02426,0,1
S02427,0,1
S02428,2,0
S02429,0,1
S02430,2,0
S02431,0,1
S02432,0,1
S02433,1,3
S02434,1,3
S02435,0,1
S02436,1,3
S02437,0,1
S02438,1,3
S02439,1,3
S02440,1,3
S02441,0,1
S02442,0,1
S02443,0,1
S02444,2,0
S02445,1,3
S02446,0,1
S02447,1,3
S02448,2,0
S02449,2,0
S02450,1,3
S02451,1,3
S02452,0,1
S02453,0,1
S02454,1,3
S02455,1,3
S02456,2,0
S02457,2,0
S02458,1,3
S02459,0,1
S02460,1,3
S02461,2,0
S02462,0,1
S02463,2,0
S02464,0,1
S02465,0,1
S02466,1,3
S02467,0,1
S02468,2,0
S02469,1,3
S02470,0,1
S02471,2,0
S02472,0,1
S02473,1,3
S02474,0,1
S02475,2,0
S02476,0,1
S02477,2,0
S02478,2,0
S02479,2,0
S02480,2,0
S02481,1,3
S02482,2,0
S02483,0,1
S02484,2,0
S02485,0,1
S02486,2,0
S02487,1,3
S02488,2,0
S02489,0,1
S02490,2,0
S02491,1,3
S02492,2,0
S02493,2,0
S02494,2,0
S02495,1,3
S02496,2,0
S02497,0,1
S02498,0,1
S02499,1,3
S02500,2,0
S02501,0,1
S02502,0,1
S02503,1,3
S02504,2,0
S02505,2,0
S02506,2,0
S02507,2,0
S02508,0,1
S02509,0,1
S02510,2,0
S02511,1,3
S02512,2,0
S02513,2,0
S02514,1,3
S02515,1,3
S02516,2,0
S02517,0,1
S02518,2,0
S02519,2,0
S02520,1,3
S02521,2,0
S02522,0,1
S02523,2,0
S02524,1,3
S02525,0,1
S02526,2,0
S02527,2,0
S02528,1,3
S02529,0,1
S02530,0,1
S02531,2,0
S02532,1,3
S02533,1,3
S02534,0,1
S02535,2,0
S02536,1,3
S02537,2,0
S02538,2,0
S02539,1,3
S02540,0,1
S02541,0,1
S02542,2,0
S02543,0,1
S02544,0,1
S02545,0,1
S02546,0,1
S02547,2,0
S02548,0,1
S02549,2,0
S02550,2,0
S02551,0,1
S02552,1,3
S02553,0,1
S02554,0,1
S02555,1,3
S02556,1,3
S02557,0,1
S02558,1,3
S02559,0,1
S02560,0,1
S02561,1,3
S02562,2,0
S02563,1,3
S02564,0,1
S02565,2,0
S02566,0,1
S02567,0,1
S02568,1,3
S02569,0,1
S02570,1,3
S02571,0,1
S02572,0,1
S02573,1,3
S02574,0,1
S02575,2,0
S02576,1,3
S02577,2,0
S02578,0,1
S02579,1,3
S02580,1,3
S02581,0,1
S02582,2,0
S02583,2,0
S02584,0,1
S02585,1,3
S02586,1,3
S02587,1,3
S02588,0,1
S02589,1,3
S02590,0,1
S02591,0,1
S02592,0,1
S02593,0,1
S02594,1,3
S02595,2,0
S02596,1,3
S02597,0,1
S02598,0,1
S02599,1,3
S02600,0,1
S02601,1,3
S02602,1,3
S02603,0,1
S02604,2,0
S02605,1,3
S02606,2,0
S02607,0,1
S02608,1,3
S02609,1,3
S02610,1,3
S02611,0,1
S02612,0,1
S02613,0,1
S02614,1,3
S02615,2,0
S02616,0,1
S02617,2,0
S02618,1,3
S02619,1,3
S02620,2,0
S02621,0,1
S02622,1,3
S02623,2,0
S02624,0,1
S02625,0,1
S02626,0,1
S02627,0,1
S02628,2,0
S02629,0,1
S02630,1,3
S02631,2,0
S02632,0,1
S02633,1,3
S02634,1,3
S02635,0,1
S02636,1,3
S02637,0,1
S02638,2,0
S02639,2,0
S02640,0,1
S02641,1,3
S02642,0,1
S02643,1,3
S02644,0,1
S02645,2,0
S02646,2,0
S02647,1,3
S02648,0,1
S02649,2,0
S02650,0,1
S02651,0,1
S02652,1,3
S02653,2,0
S02654,1,3
S02655,2,0
S02656,2,0
S02657,2,0
S02658,0,1
S02659,0,1
S02660,0,1
S02661,2,0
S02662,1,3
S02663,1,3
S02664,1,3
S02665,0,1
S02666,0,1
S02667,2,0
S02668,1,3
S02669,0,1
S02670,1,3
S02671,1,3
S02672,0,1
S02673,0,1
S02674,0,1
S02675,1,3
S02676,0,1
S02677,0,1
S02678,2,0
S02679,2,0
S02680,0,1
S02681,2,0
S02682,1,3
S02683,2,0
S02684,2,0
S02685,1,3
S02686,2,0
S02687,0,1
S02688,2,0
S02689,0,1
S02690,2,0
S02691,0,1
S02692,0,1
S02693,2,0
S02694,1,3
S02695,1,3
S02696,0,1
S02697,0,1
S02698,0,1
S02699,2,0
S02700,1,3
S02701,2,0
S02702,0,1
S02703,2,0
S02704,2,0
S02705,0,1
S02706,2,0
S02707,1,3
S02708,1,3
S02709,0,1
S02710,1,3
S02711,1,3
S02712,0,1
S02713,1,3
S02714,0,1
S02715,2,0
S02716,2,0
S02717,1,3
S02718,1,3
S02719,0,1
S02720,2,0
S02721,0,1
S02722,1,3
S02723,1,3
S02724,2,0
S02725,1,3
S02726,0,1
S02727,0,1
S02728,1,3
S02729,2,0
S02730,1,3
S02731,2,0
S02732,0,1
S02733,1,3
S02734,2,0
S02735,0,1
S02736,0,1
S02737,0,1
S02738,1,3
S02739,1,3
S02740,0,1
S02741,2,0
S02742,2,0
S02743,0,1
S02744,1,3
S02745,1,3
S02746,0,1
S02747,1,3
S02748,1,3
S02749,0,1
S02750,2,0
S02751,1,3
S02752,2,0
S02753,1,3
S02754,2,0
S02755,0,1
S02756,2,0
S02757,1,3
S02758,2,0
S02759,0,1
S02760,1,3
S02761,1,3
S02762,1,3
S02763,0,1
S02764,1,3
S02765,0,1
S02766,0,1
S02767,1,3
S02768,2,0
S02769,1,3
S02770,2,0
S02771,0,1
S02772,1,3
S02773,2,0
S02774,1,3
S02775,2,0
S02776,2,0
S02777,0,1
S02778,0,1
S02779,1,3
S02780,1,3
S02781,0,1
S02782,2,0
S02783,2,0
S02784,0,1
S02785,0,1
S02786,2,0
S02787,0,1
S02788,0,1
S02789,2,0
S02790,2,0
S02791,1,3
S02792,0,1
S02793,0,1
S02794,0,1
S02795,0,1
S02796,0,1
S02797,2,0
S02798,0,1
S02799,1,3
S02800,1,3
S02801,2,0
S02802,0,1
S02803,1,3
S02804,1,3
S02805,0,1
S02806,1,3
S02807,0,1
S02808,0,1
S02809,2,0
S02810,1,3
S02811,2,0
S02812,0,1
S02813,1,3
S02814,0,1
S02815,0,1
S02816,0,1
S02817,2,0
S02818,0,1
S02819,0,1
S02820,1,3
S02821,0,1
S02822,1,3
S02823,1,3
S02824,2,0
S02825,0,1
S02826,1,3
S02827,1,3
S02828,1,3
S02829,0,1
S02830,2,0
S02831,0,1
S02832,2,0
S02833,1,3
S02834,1,3
S02835,1,3
S02836,0,1
S02837,2,0
S02838,2,0
S02839,1,3
S02840,0,1
S02841,0,1
S02842,0,1
S02843,1,3
S02844,0,1
S02845,1,3
S02846,2,0
S02847,1,3
S02848,0,1
S02849,0,1
S02850,1,3
S02851,2,0
S02852,1,3
S02853,0,1
S02854,1,3
S02855,1,3
S02856,1,3
S02857,0,1
S02858,0,1
S02859,1,3
S02860,1,3
S02861,2,0
S02862,0,1
S02863,0,1
S02864,1,3
S02865,0,1
S02866,2,0
S02867,0,1
S02868,0,1
S02869,2,0
S02870,2,0
S02871,2,0
S02872,2,0
S02873,0,1
S02874,1,3
S02875,1,3
S02876,0,1
S02877,1,3
S02878,2,0
S02879,1,3
S02880,1,3
S02881,1,3
S02882,1,3
S02883,1,3
S02884,0,1
S02885,1,3
S02886,0,1
S02887,0,1
S02888,0,1
S02889,1,3
S02890,1,3
S02891,2,0
S02892,2,0
S02893,2,0
S02894,1,3
S02895,0,1
S02896,0,1
S02897,0,1
S02898,2,0
S02899,2,0
S02900,0,1
S02901,0,1
S02902,0,1
S02903,2,0
S02904,0,1
S02905,2,0
S02906,0,1
S02907,0,1
S02908,0,1
S02909,1,3
S02910,1,3
S02911,1,3
S02912,2,0
S02913,0,1
S02914,1,3
S02915,0,1
S02916,0,1
S02917,1,3
S02918,0,1
S02919,2,0
S02920,0,1
S02921,2,0
S02922,2,0
S02923,2,0
S02924,1,3
S02925,0,1
S02926,1,3
S02927,0,1
S02928,2,0
S02929,2,0
S02930,0,1
S02931,0,1
S02932,1,3
S02933,1,3
S02934,1,3
S02935,0,1
S02936,1,3
S02937,0,1
S02938,1,3
S02939,1,3
S02940,1,3
S02941,2,0
S02942,0,1
S02943,0,1
S02944,2,0
S02945,0,1
S02946,0,1
S02947,0,1
S02948,2,0
S02949,0,1
S02950,2,0
S02951,0,1
S02952,0,1
S02953,1,3
S02954,0,1
S02955,1,3
S02956,0,1
S02957,0,1
S02958,1,3
S02959,1,3
S02960,2,0
S02961,1,3
S02962,0,1
S02963,0,1
S02964,1,3
S02965,2,0
S02966,0,1
S02967,2,0
S02968,2,0
S02969,1,3
S02970,0,1
S02971,2,0
S02972,2,0
S02973,0,1
S02974,1,3
S02975,0,1
S02976,1,3
S02977,2,0
S02978,0,1
S02979,2,0
S02980,1,3
S02981,1,3
S02982,1,3
S02983,1,3
S02984,1,3
S02985,0,1
S02986,0,1
S02987,1,3
S02988,0,1
S02989,0,1
S02990,0,1
S02991,0,1
S02992,0,1
S02993,1,3
S02994,1,3
S02995,0,1
S02996,0,1
S02997,2,0
S02998,0,1
S02999,0,1
S03000,0,1
S03001,0,1
S03002,0,1
S03003,0,1
S03004,1,3
S03005,0,1
S03006,0,1
S03007,2,0
S03008,2,0
S03009,1,3
S03010,0,1
S03011,2,0
S03012,2,0
S03013,2,0
S03014,2,0
S03015,2,0
S03016,1,3
S03017,1,3
S03018,1,3
S03019,1,3
S03020,1,3
S03021,1,3
S03022,0,1
S03023,1,3
S03024,1,3
S03025,2,0
S03026,1,3
S03027,0,1
S03028,1,3
S03029,1,3
S03030,0,1
S03031,0,1
S03032,0,1
S03033,2,0
S03034,2,0
S03035,2,0
S03036,1,3
S03037,0,1
S03038,0,1
S03039,0,1
S03040,0,1
S03041,0,1
S03042,0,1
S03043,0,1
S03044,2,0
S03045,0,1
S03046,1,3
S03047,1,3
S03048,0,1
S03049,0,1
S03050,0,1
S03051,1,3
S03052,1,3
S03053,1,3
S03054,1,3
S03055,0,1
S03056,2,0
S03057,2,0
S03058,2,0
S03059,2,0
S03060,0,1
S03061,0,1
S03062,1,3
S03063,2,0
S03064,0,1
S03065,2,0
S03066,0,1
S03067,0,1
S03068,2,0
S03069,1,3
S03070,1,3
S03071,2,0
S03072,0,1
S03073,0,1
S03074,2,0
S03075,1,3
S03076,2,0
S03077,1,3
S03078,1,3
S03079,0,1
S03080,1,3
S03081,1,3
S03082,1,3
S03083,0,1
S03084,1,3
S03085,0,1
S03086,0,1
S03087,0,1
S03088,0,1
S03089,2,0
S03090,0,1
S03091,1,3
S03092,1,3
S03093,0,1
S03094,1,3
S03095,0,1
S03096,0,1
S03097,1,3
S03098,1,3
S03099,2,0
S03100,0,1
S03101,2,0
S03102,0,1
S03103,2,0
S03104,2,0
S03105,1,3
S03106,1,3
S03107,1,3
S03108,1,3
S03109,2,0
S03110,0,1
S03111,1,3
S03112,1,3
S03113,1,3
S03114,1,3
S03115,2,0
S03116,2,0
S03117,1,3
S03118,1,3
S03119,1,3
S03120,0,1
S03121,2,0
S03122,2,0
S03123,0,1
S03124,1,3
S03125,1,3
S03126,2,0
S03127,0,1
S03128,2,0
S03129,0,1
S03130,0,1
S03131,0,1
S03132,1,3
S03133,0,1
S03134,2,0
S03135,0,1
S03136,1,3
S03137,0,1
S03138,0,1
S03139,0,1
S03140,1,3
S03141,0,1
S03142,0,1
S03143,0,1
S03144,0,1
S03145,0,1
S03146,1,3
S03147,1,3
S03148,2,0
S03149,1,3
S03150,0,1
S03151,1,3
S03152,1,3
S03153,2,0
S03154,1,3
S03155,1,3
S03156,2,0
S03157,2,0
S03158,0,1
S03159,1,3
S03160,2,0
S03161,2,0
S03162,0,1
S03163,1,3
S03164,1,3
S03165,0,1
S03166,2,0
S03167,0,1
S03168,2,0
S03169,0,1
S03170,2,0
S03171,1,3
S03172,0,1
S03173,0,1
S03174,0,1
S03175,2,0
S03176,0,1
S03177,0,1
S03178,0,1
S03179,0,1
S03180,1,3
S03181,1,3
S03182,0,1
S03183,0,1
S03184,0,1
S03185,0,1
S03186,2,0
S03187,2,0
S03188,0,1
S03189,1,3
S03190,1,3
S03191,2,0
S03192,1,3
S03193,2,0
S03194,0,1
S03195,2,0
S03196,2,0
S03197,1,3
S03198,1,3
S03199,2,0
S03200,2,0
S03201,2,0
S03202,2,0
S03203,2,0
S03204,2,0
S03205,1,3
S03206,0,1
S03207,0,1
S03208,0,1
S03209,1,3
S03210,0,1
S03211,0,1
S03212,0,1
S03213,0,1
S03214,2,0
S03215,1,3
S03216,2,0
S03217,2,0
S03218,1,3
S03219,2,0
S03220,0,1
S03221,1,3
S03222,0,1
S03223,0,1
S03224,1,3
S03225,1,3
S03226,0,1
S03227,0,1
S03228,0,1
S03229,1,3
S03230,0,1
S03231,1,3
S03232,2,0
S03233,2,0
S03234,0,1
S03235,1,3
S03236,1,3
S03237,0,1
S03238,0,1
S03239,0,1
S03240,2,0
S03241,1,3
S03242,1,3
S03243,1,3
S03244,0,1
S03245,2,0
S03246,0,1
S03247,2,0
S03248,0,1
S03249,1,3
S03250,1,3
S03251,1,3
S03252,0,1
S03253,1,3
S03254,1,3
S03255,0,1
S03256,0,1
S03257,2,0
S03258,2,0
S03259,2,0
S03260,0,1
S03261,0,1
S03262,1,3
S03263,2,0
S03264,2,0
S03265,1,3
S03266,2,0
S03267,0,1
S03268,0,1
S03269,2,0
S03270,2,0
S03271,1,3
S03272,2,0
S03273,2,0
S03274,0,1
S03275,0,1
S03276,0,1
S03277,2,0
S03278,1,3
S03279,0,1
S03280,2,0
S03281,0,1
S03282,1,3
S03283,2,0
S03284,2,0
S03285,0,1
S03286,1,3
S03287,1,3
S03288,0,1
S03289,2,0
S03290,1,3
S03291,0,1
S03292,0,1
S03293,1,3
S03294,1,3
S03295,1,3
S03296,0,1
S03297,1,3
S03298,0,1
S03299,2,0
S03300,2,0
S03301,2,0
S03302,2,0
S03303,1,3
S03304,1,3
S03305,0,1
S03306,0,1
S03307,1,3
S03308,2,0
S03309,2,0
S03310,1,3
S03311,0,1
S03312,0,1
S03313,0,1
S03314,0,1
S03315,0,1
S03316,0,1
S03317,0,1
S03318,2,0
S03319,0,1
S03320,1,3
S03321,1,3
S03322,1,3
S03323,1,3
S03324,2,0
S03325,1,3
S03326,2,0
S03327,2,0
S03328,2,0
S03329,2,0
S03330,0,1
S03331,2,0
S03332,1,3
S03333,2,0
S03334,0,1
S03335,2,0
S03336,0,1
S03337,0,1
S03338,0,1
S03339,0,1
S03340,2,0
S03341,0,1
S03342,0,1
S03343,2,0
S03344,2,0
S03345,0,1
S03346,0,1
S03347,0,1
S03348,2,0
S03349,0,1
S03350,1,3
S03351,2,0
S03352,2,0
S03353,2,0
S03354,0,1
S03355,0,1
S03356,2,0
S03357,1,3
S03358,1,3
S03359,0,1
S03360,0,1
S03361,0,1
S03362,2,0
S03363,1,3
S03364,2,0
S03365,2,0
S03366,0,1
S03367,0,1
S03368,0,1
S03369,0,1
S03370,0,1
S03371,1,3
S03372,1,3
S03373,1,3
S03374,0,1
S03375,1,3
S03376,1,3
S03377,0,1
S03378,2,0
S03379,2,0
S03380,0,1
S03381,2,0
S03382,1,3
S03383,1,3
S03384,1,3
S03385,0,1
S03386,2,0
S03387,1,3
S03388,0,1
S03389,1,3
S03390,1,3
S03391,0,1
S03392,1,3
S03393,2,0
S03394,0,1
S03395,1,3
S03396,2,0
S03397,1,3
S03398,1,3
S03399,0,1
S03400,0,1
S03401,1,3
S03402,1,3
S03403,0,1
S03404,1,3
S03405,2,0
S03406,0,1
S03407,2,0
S03408,2,0
S03409,2,0
S03410,2,0
S03411,1,3
S03412,1,3
S03413,2,0
S03414,0,1
S03415,0,1
S03416,2,0
S03417,0,1
S03418,1,3
S03419,0,1
S03420,1,3
S03421,2,0
S03422,2,0
S03423,2,0
S03424,0,1
S03425,2,0
S03426,1,3
S03427,1,3
S03428,2,0
S03429,0,1
S03430,0,1
S03431,1,3
S03432,2,0
S03433,2,0
S03434,1,3
S03435,2,0
S03436,0,1
S03437,1,3
S03438,0,1
S03439,2,0
S03440,0,1
S03441,2,0
S03442,0,1
S03443,1,3
S03444,0,1
S03445,0,1
S03446,2,0
S03447,0,1
S03448,0,1
S03449,1,3
S03450,2,0
S03451,0,1
S03452,2,0
S03453,1,3
S03454,1,3
S03455,2,0
S03456,2,0
S03457,1,3
S03458,0,1
S03459,1,3
S03460,1,3
S03461,0,1
S03462,0,1
S03463,2,0
S03464,2,0
S03465,0,1
S03466,0,1
S03467,0,1
S03468,2,0
S03469,1,3
S03470,2,0
S03471,1,3
S03472,1,3
S03473,0,1
S03474,0,1
S03475,0,1
S03476,1,3
S03477,2,0
S03478,0,1
S03479,2,0
S03480,2,0
S03481,1,3
S03482,2,0
S03483,2,0
S03484,0,1
S03485,2,0
S03486,1,3
S03487,1,3
S03488,0,1
S03489,1,3
S03490,2,0
S03491,1,3
S03492,2,0
S03493,1,3
S03494,2,0
S03495,0,1
S03496,0,1
S03497,2,0
S03498,1,3
S03499,0,1
S03500,0,1
S03501,1,3
S03502,0,1
S03503,2,0
S03504,2,0
S03505,1,3
S03506,0,1
S03507,1,3
S03508,0,1
S03509,1,3
S03510,1,3
S03511,0,1
S03512,0,1
S03513,2,0
S03514,2,0
S03515,2,0
S03516,0,1
S03517,0,1
S03518,0,1
S03519,0,1
S03520,0,1
S03521,2,0
S03522,2,0
S03523,0,1
S03524,0,1
S03525,1,3
S03526,1,3
S03527,0,1
S03528,1,3
S03529,0,1
S03530,2,0
S03531,2,0
S03532,1,3
S03533,1,3
S03534,2,0
S03535,2,0
S03536,0,1
S03537,1,3
S03538,0,1
S03539,2,0
S03540,2,0
S03541,1,3
S03542,0,1
S03543,2,0
S03544,1,3
S03545,1,3
S03546,1,3
S03547,2,0
S03548,0,1
S03549,2,0
S03550,0,1
S03551,0,1
S03552,1,3
S03553,2,0
S03554,0,1
S03555,0,1
S03556,0,1
S03557,0,1
S03558,2,0
S03559,0,1
S03560,1,3
S03561,2,0
S03562,2,0
S03563,2,0
S03564,2,0
S03565,1,3
S03566,0,1
S03567,0,1
S03568,2,0
S03569,0,1
S03570,1,3
S03571,1,3
S03572,1,3
S03573,1,3
S03574,1,3
S03575,1,3
S03576,2,0
S03577,1,3
S03578,1,3
S03579,0,1
S03580,0,1
S03581,2,0
S03582,1,3
S03583,2,0
S03584,0,1
S03585,1,3
S03586,0,1
S03587,1,3
S03588,1,3
S03589,2,0
S03590,0,1
S03591,0,1
S03592,0,1
S03593,0,1
S03594,0,1
S03595,1,3
S03596,1,3
S03597,0,1
S03598,0,1
S03599,2,0
S03600,0,1
S03601,2,0
S03602,0,1
S03603,2,0
S03604,1,3
S03605,1,3
S03606,0,1
S03607,1,3
S03608,1,3
S03609,0,1
S03610,0,1
S03611,2,0
S03612,0,1
S03613,1,3
S03614,2,0
S03615,1,3
S03616,0,1
S03617,0,1
S03618,0,1
S03619,2,0
S03620,2,0
S03621,1,3
S03622,2,0
S03623,1,3
S03624,1,3
S03625,1,3
S03626,1,3
S03627,1,3
S03628,1,3
S03629,1,3
S03630,0,1
S03631,1,3
S03632,1,3
S03633,0,1
S03634,1,3
S03635,1,3
S03636,0,1
S03637,2,0
S03638,1,3
S03639,1,3
S03640,1,3
S03641,0,1
S03642,1,3
S03643,2,0
S03644,1,3
S03645,0,1
S03646,1,3
S03647,2,0
S03648,0,1
S03649,1,3
S03650,1,3
S03651,1,3
S03652,0,1
S03653,2,0
S03654,1,3
S03655,0,1
S03656,1,3
S03657,0,1
S03658,1,3
S03659,2,0
S03660,1,3
S03661,1,3
S03662,2,0
S03663,0,1
S03664,1,3
S03665,2,0
S03666,0,1
S03667,2,0
S03668,0,1
S03669,0,1
S03670,0,1
S03671,1,3
S03672,2,0
S03673,1,3
S03674,0,1
S03675,2,0
S03676,2,0
S03677,1,3
S03678,1,3
S03679,1,3
S03680,0,1
S03681,0,1
S03682,0,1
S03683,0,1
S03684,1,3
S03685,1,3
S03686,1,3
S03687,0,1
S03688,2,0
S03689,0,1
S03690,0,1
S03691,0,1
S03692,0,1
S03693,2,0
S03694,0,1
S03695,1,3
S03696,2,0
S03697,1,3
S03698,1,3
S03699,1,3
S03700,1,3
S03701,1,3
S03702,0,1
S03703,2,0
S03704,1,3
S03705,1,3
S03706,1,3
S03707,0,1
S03708,2,0
S03709,1,3
S03710,2,0
S03711,2,0
S03712,2,0
S03713,0,1
S03714,0,1
S03715,2,0
S03716,1,3
S03717,0,1
S03718,2,0
S03719,0,1
S03720,2,0
S03721,2,0
S03722,2,0
S03723,1,3
S03724,1,3
S03725,1,3
S03726,2,0
S03727,0,1
S03728,0,1
S03729,1,3
S03730,0,1
S03731,2,0
S03732,2,0
S03733,1,3
S03734,0,1
S03735,2,0
S03736,1,3
S03737,0,1
S03738,2,0
S03739,1,3
S03740,0,1
S03741,0,1
S03742,1,3
S03743,1,3
S03744,0,1
S03745,1,3
S03746,0,1
S03747,2,0
S03748,0,1
S03749,2,0
S03750,2,0
S03751,0,1
S03752,0,1
S03753,2,0
S03754,0,1
S03755,0,1
S03756,1,3
S03757,0,1
S03758,2,0
S03759,2,0
S03760,2,0
S03761,2,0
S03762,0,1
S03763,0,1
S03764,1,3
S03765,1,3
S03766,2,0
S03767,2,0
S03768,1,3
S03769,1,3
S03770,1,3
S03771,1,3
S03772,1,3
S03773,1,3
S03774,0,1
S03775,1,3
S03776,1,3
S03777,2,0
S03778,2,0
S03779,1,3
S03780,0,1
S03781,0,1
S03782,0,1
S03783,1,3
S03784,1,3
S03785,0,1
S03786,0,1
S03787,0,1
S03788,0,1
S03789,1,3
S03790,2,0
S03791,0,1
S03792,2,0
S03793,0,1
S03794,0,1
S03795,1,3
S03796,0,1
S03797,1,3
S03798,2,0
S03799,2,0
S03800,0,1
S03801,1,3
S03802,1,3
S03803,2,0
S03804,0,1
S03805,0,1
S03806,0,1
S03807,2,0
S03808,2,0
S03809,2,0
S03810,1,3
S03811,2,0
S03812,1,3
S03813,1,3
S03814,1,3
S03815,1,3
S03816,1,3
S03817,2,0
S03818,0,1
S03819,2,0
S03820,2,0
S03821,1,3
S03822,0,1
S03823,1,3
S03824,1,3
S03825,2,0
S03826,1,3
S03827,1,3
S03828,1,3
S03829,1,3
S03830,2,0
S03831,0,1
S03832,0,1
S03833,2,0
S03834,1,3
S03835,1,3
S03836,2,0
S03837,1,3
S03838,1,3
S03839,2,0
S03840,0,1
S03841,1,3
S03842,0,1
S03843,0,1
S03844,0,1
S03845,0,1
S03846,0,1
S03847,1,3
S03848,0,1
S03849,0,1
S03850,0,1
S03851,0,1
S03852,1,3
S03853,2,0
S03854,2,0
S03855,1,3
S03856,2,0
S03857,1,3
S03858,1,3
S03859,0,1
S03860,2,0
S03861,0,1
S03862,1,3
S03863,2,0
S03864,1,3
S03865,0,1
S03866,1,3
S03867,2,0
S03868,0,1
S03869,0,1
S03870,1,3
S03871,1,3
S03872,0,1
S03873,2,0
S03874,0,1
S03875,0,1
S03876,0,1
S03877,0,1
S03878,0,1
S03879,0,1
S03880,2,0
S03881,2,0
S03882,1,3
S03883,0,1
S03884,0,1
S03885,0,1
S03886,2,0
S03887,1,3
S03888,0,1
S03889,0,1
S03890,1,3
S03891,1,3
S03892,1,3
S03893,0,1
S03894,0,1
S03895,0,1
S03896,2,0
S03897,1,3
S03898,0,1
S03899,0,1
S03900,1,3
S03901,0,1
S03902,1,3
S03903,0,1
S03904,0,1
S03905,1,3
S03906,1,3
S03907,1,3
S03908,0,1
S03909,2,0
S03910,0,1
S03911,0,1
S03912,1,3
S03913,2,0
S03914,0,1
S03915,0,1
S03916,1,3
S03917,0,1
S03918,1,3
S03919,2,0
S03920,0,1
S03921,0,1
S03922,2,0
S03923,1,3
S03924,0,1
S03925,2,0
S03926,0,1
S03927,2,0
S03928,0,1
S03929,1,3
S03930,1,3
S03931,0,1
S03932,0,1
S03933,1,3
S03934,1,3
S03935,0,1
S03936,0,1
S03937,0,1
S03938,1,3
S03939,1,3
S03940,2,0
S03941,0,1
S03942,0,1
S03943,0,1
S03944,0,1
S03945,2,0
S03946,0,1
S03947,0,1
S03948,2,0
S03949,2,0
S03950,1,3
S03951,1,3
S03952,2,0
S03953,1,3
S03954,0,1
S03955,2,0
S03956,0,1
S03957,0,1
S03958,2,0
S03959,2,0
S03960,0,1
S03961,0,1
S03962,0,1
S03963,1,3
S03964,0,1
S03965,0,1
S03966,0,1
S03967,1,3
S03968,0,1
S03969,2,0
S03970,0,1
S03971,2,0
S03972,2,0
S03973,1,3
S03974,0,1
S03975,0,1
S03976,0,1
S03977,0,1
S03978,2,0
S03979,2,0
S03980,0,1
S03981,1,3
S03982,0,1
S03983,2,0
S03984,0,1
S03985,2,0
S03986,0,1
S03987,2,0
S03988,0,1
S03989,2,0
S03990,2,0
S03991,1,3
S03992,0,1
S03993,2,0
S03994,1,3
S03995,0,1
S03996,1,3
S03997,1,3
S03998,1,3
S03999,2,0
S04000,2,0
S04001,0,1
S04002,0,1
S04003,1,3
S04004,2,0
S04005,1,3
S04006,1,3
S04007,0,1
S04008,0,1
S04009,1,3
S04010,2,0
S04011,1,3
S04012,0,1
S04013,2,0
S04014,0,1
S04015,1,3
S04016,2,0
S04017,1,3
S04018,0,1
S04019,2,0
S04020,0,1
S04021,2,0
S04022,2,0
S04023,1,3
S04024,1,3
S04025,2,0
S04026,2,0
S04027,0,1
S04028,1,3
S04029,1,3
S04030,0,1
S04031,2,0
S04032,1,3
S04033,1,3
S04034,1,3
S04035,2,0
S04036,2,0
S04037,0,1
S04038,0,1
S04039,1,3
S04040,1,3
S04041,1,3
S04042,0,1
S04043,2,0
S04044,1,3
S04045,1,3
S04046,2,0
S04047,0,1
S04048,1,3
S04049,1,3
S04050,1,3
S04051,1,3
S04052,2,0
S04053,0,1
S04054,0,1
S04055,1,3
S04056,0,1
S04057,0,1
S04058,2,0
S04059,0,1
S04060,1,3
S04061,0,1
S04062,2,0
S04063,0,1
S04064,0,1
S04065,1,3
S04066,2,0
S04067,2,0
S04068,0,1
S04069,2,0
S04070,2,0
S04071,0,1
S04072,2,0
S04073,1,3
S04074,0,1
S04075,0,1
S04076,0,1
S04077,0,1
S04078,1,3
S04079,0,1
S04080,1,3
S04081,0,1
S04082,0,1
S04083,2,0
S04084,2,0
S04085,1,3
S04086,2,0
S04087,0,1
S04088,1,3
S04089,2,0
S04090,2,0
S04091,0,1
S04092,1,3
S04093,1,3
S04094,0,1
S04095,2,0
S04096,2,0
S04097,2,0
S04098,0,1
S04099,1,3
S04100,1,3
S04101,1,3
S04102,0,1
S04103,0,1
S04104,1,3
S04105,1,3
S04106,1,3
S04107,1,3
S04108,1,3
S04109,0,1
S04110,0,1
S04111,2,0
S04112,1,3
S04113,1,3
S04114,2,0
S04115,2,0
S04116,0,1
S04117,0,1
S04118,1,3
S04119,2,0
S04120,0,1
S04121,0,1
S04122,1,3
S04123,1,3
S04124,0,1
S04125,1,3
S04126,2,0
S04127,1,3
S04128,2,0
S04129,2,0
S04130,2,0
S04131,2,0
S04132,0,1
S04133,0,1
S04134,1,3
S04135,1,3
S04136,1,3
S04137,1,3
S04138,0,1
S04139,1,3
S04140,1,3
S04141,2,0
S04142,0,1
S04143,0,1
S04144,0,1
S04145,2,0
S04146,1,3
S04147,0,1
S04148,0,1
S04149,1,3
S04150,2,0
S04151,0,1
S04152,2,0
S04153,0,1
S04154,0,1
S04155,2,0
S04156,0,1
S04157,0,1
S04158,0,1
S04159,2,0
S04160,0,1
S04161,2,0
S04162,0,1
S04163,2,0
S04164,1,3
S04165,0,1
S04166,2,0
S04167,0,1
S04168,0,1
S04169,1,3
S04170,2,0
S04171,1,3
S04172,0,1
S04173,2,0
S04174,0,1
S04175,2,0
S04176,0,1
S04177,2,0
S04178,1,3
S04179,0,1
S04180,0,1
S04181,1,3
S04182,0,1
S04183,1,3
S04184,0,1
S04185,0,1
S04186,0,1
S04187,1,3
S04188,0,1
S04189,2,0
S04190,0,1
S04191,1,3
S04192,0,1
S04193,1,3
S04194,2,0
S04195,2,0
S04196,2,0
S04197,0,1
S04198,0,1
S04199,1,3
S04200,0,1
S04201,0,1
S04202,0,1
S04203,1,3
S04204,2,0
S04205,0,1
S04206,0,1
S04207,1,3
S04208,0,1
S04209,1,3
S04210,0,1
S04211,1,3
S04212,1,3
S04213,0,1
S04214,2,0
S04215,0,1
S04216,2,0
S04217,2,0
S04218,1,3
S04219,1,3
S04220,0,1
S04221,0,1
S04222,0,1
S04223,0,1
S04224,2,0
S04225,0,1
S04226,0,1
S04227,0,1
S04228,1,3
S04229,2,0
S04230,1,3
S04231,0,1
S04232,0,1
S04233,0,1
S04234,2,0
S04235,2,0
S04236,0,1
S04237,0,1
S04238,2,0
S04239,2,0
S04240,2,0
S04241,1,3
S04242,2,0
S04243,2,0
S04244,2,0
S04245,2,0
S04246,1,3
S04247,0,1
S04248,0,1
S04249,2,0
S04250,1,3
S04251,2,0
S04252,2,0
S04253,0,1
S04254,2,0
S04255,0,1
S04256,0,1
S04257,1,3
S04258,2,0
S04259,1,3
S04260,2,0
S04261,1,3
S04262,2,0
S04263,1,3
S04264,1,3
S04265,1,3
S04266,1,3
S04267,0,1
S04268,2,0
S04269,2,0
S04270,2,0
S04271,1,3
S04272,1,3
S04273,0,1
S04274,2,0
S04275,1,3
S04276,0,1
S04277,2,0
S04278,1,3
S04279,0,1
S04280,0,1
S04281,0,1
S04282,0,1
S04283,2,0
S04284,2,0
S04285,0,1
S04286,0,1
S04287,0,1
S04288,2,0
S04289,2,0
S04290,0,1
S04291,0,1
S04292,2,0
S04293,0,1
S04294,0,1
S04295,2,0
S04296,1,3
S04297,0,1
S04298,1,3
S04299,2,0
S04300,1,3
S04301,1,3
S04302,0,1
S04303,1,3
S04304,1,3
S04305,1,3
S04306,0,1
S04307,2,0
S04308,2,0
S04309,0,1
S04310,2,0
S04311,2,0
S04312,0,1
S04313,2,0
S04314,1,3
S04315,0,1
S04316,0,1
S04317,2,0
S04318,1,3
S04319,0,1
S04320,2,0
S04321,2,0
S04322,0,1
S04323,0,1
S04324,1,3
S04325,1,3
S04326,0,1
S04327,0,1
S04328,2,0
S04329,0,1
S04330,0,1
S04331,2,0
S04332,1,3
S04333,1,3
S04334,2,0
S04335,1,3
S04336,1,3
S04337,0,1
S04338,0,1
S04339,0,1
S04340,2,0
S04341,2,0
S04342,1,3
S04343,1,3
S04344,0,1
S04345,2,0
S04346,2,0
S04347,0,1
S04348,2,0
S04349,0,1
S04350,2,0
S04351,1,3
S04352,2,0
S04353,2,0
S04354,2,0
S04355,2,0
S04356,0,1
S04357,1,3
S04358,0,1
S04359,2,0
S04360,1,3
S04361,2,0
S04362,1,3
S04363,1,3
S04364,0,1
S04365,0,1
S04366,2,0
S04367,1,3
S04368,2,0
S04369,1,3
S04370,2,0
S04371,1,3
S04372,2,0
S04373,1,3
S04374,2,0
S04375,0,1
S04376,0,1
S04377,2,0
S04378,1,3
S04379,1,3
S04380,0,1
S04381,1,3
S04382,0,1
S04383,2,0
S04384,1,3
S04385,2,0
S04386,0,1
S04387,2,0
S04388,0,1
S04389,0,1
S04390,2,0
S04391,0,1
S04392,2,0
S04393,1,3
S04394,0,1
S04395,2,0
S04396,0,1
S04397,1,3
S04398,2,0
S04399,0,1
S04400,0,1
S04401,2,0
S04402,0,1
S04403,1,3
S04404,0,1
S04405,2,0
S04406,1,3
S04407,0,1
S04408,2,0
S04409,1,3
S04410,2,0
S04411,2,0
S04412,1,3
S04413,1,3
S04414,2,0
S04415,1,3
S04416,0,1
S04417,2,0
S04418,1,3
S04419,1,3
S04420,1,3
S04421,2,0
S04422,2,0
S04423,0,1
S04424,2,0
S04425,0,1
S04426,1,3
S04427,1,3
S04428,2,0
S04429,0,1
S04430,2,0
S04431,1,3
S04432,1,3
S04433,1,3
S04434,0,1
S04435,1,3
S04436,1,3
S04437,2,0
S04438,2,0
S04439,0,1
S04440,2,0
S04441,0,1
S04442,2,0
S04443,0,1
S04444,2,0
S04445,0,1
S04446,0,1
S04447,1,3
S04448,1,3
S04449,1,3
S04450,1,3
S04451,2,0
S04452,1,3
S04453,1,3
S04454,0,1
S04455,2,0
S04456,2,0
S04457,2,0
S04458,1,3
S04459,2,0
S04460,0,1
S04461,1,3
S04462,1,3
S04463,0,1
S04464,0,1
S04465,1,3
S04466,1,3
S04467,2,0
S04468,0,1
S04469,1,3
S04470,0,1
S04471,2,0
S04472,1,3
S04473,1,3
S04474,0,1
S04475,2,0
S04476,2,0
S04477,0,1
S04478,1,3
S04479,1,3
S04480,0,1
S04481,0,1
S04482,0,1
S04483,2,0
S04484,1,3
S04485,0,1
S04486,1,3
S04487,1,3
S04488,2,0
S04489,1,3
S04490,1,3
S04491,0,1
S04492,0,1
S04493,2,0
S04494,2,0
S04495,0,1
S04496,0,1
S04497,2,0
S04498,1,3
S04499,2,0
S04500,0,1
S04501,2,0
S04502,0,1
S04503,0,1
S04504,0,1
S04505,1,3
S04506,0,1
S04507,0,1
S04508,1,3
S04509,1,3
S04510,1,3
S04511,0,1
S04512,0,1
S04513,1,3
S04514,1,3
S04515,0,1
S04516,0,1
S04517,1,3
S04518,0,1
S04519,2,0
S04520,2,0
S04521,2,0
S04522,2,0
S04523,1,3
S04524,2,0
S04525,1,3
S04526,1,3
S04527,1,3
S04528,1,3
S04529,0,1
S04530,1,3
S04531,0,1
S04532,0,1
S04533,1,3
S04534,2,0
S04535,0,1
S04536,2,0
S04537,2,0
S04538,2,0
S04539,1,3
S04540,1,3
S04541,0,1
S04542,1,3
S04543,2,0
S04544,0,1
S04545,0,1
S04546,2,0
S04547,0,1
S04548,1,3
S04549,0,1
S04550,1,3
S04551,1,3
S04552,1,3
S04553,0,1
S04554,2,0
S04555,0,1
S04556,1,3
S04557,0,1
S04558,0,1
S04559,0,1
S04560,1,3
S04561,2,0
S04562,0,1
S04563,0,1
S04564,1,3
S04565,1,3
S04566,0,1
S04567,0,1
S04568,0,1
S04569,1,3
S04570,2,0
S04571,0,1
S04572,0,1
S04573,0,1
S04574,2,0
S04575,2,0
S04576,2,0
S04577,2,0
S04578,1,3
S04579,1,3
S04580,0,1
S04581,2,0
S04582,2,0
S04583,0,1
S04584,2,0
S04585,1,3
S04586,1,3
S04587,2,0
S04588,1,3
S04589,1,3
S04590,1,3
S04591,0,1
S04592,0,1
S04593,0,1
S04594,0,1
S04595,1,3
S04596,0,1
S04597,1,3
S04598,1,3
S04599,0,1
S04600,1,3
S04601,0,1
S04602,2,0
S04603,1,3
S04604,0,1
S04605,0,1
S04606,0,1
S04607,0,1
S04608,1,3
S04609,1,3
S04610,1,3
S04611,1,3
S04612,1,3
S04613,0,1
S04614,0,1
S04615,2,0
S04616,1,3
S04617,1,3
S04618,0,1
S04619,2,0
S04620,2,0
S04621,0,1
S04622,2,0
S04623,2,0
S04624,1,3
S04625,0,1
S04626,2,0
S04627,2,0
S04628,0,1
S04629,0,1
S04630,2,0
S04631,0,1
S04632,0,1
S04633,2,0
S04634,0,1
S04635,1,3
S04636,2,0
S04637,1,3
S04638,0,1
S04639,1,3
S04640,1,3
S04641,2,0
S04642,0,1
S04643,2,0
S04644,1,3
S04645,1,3
S04646,1,3
S04647,1,3
S04648,2,0
S04649,0,1
S04650,1,3
S04651,0,1
S04652,1,3
S04653,0,1
S04654,2,0
S04655,2,0
S04656,0,1
S04657,1,3
S04658,1,3
S04659,0,1
S04660,1,3
S04661,0,1
S04662,0,1
S04663,0,1
S04664,0,1
S04665,1,3
S04666,0,1
S04667,0,1
S04668,1,3
S04669,1,3
S04670,2,0
S04671,0,1
S04672,2,0
S04673,2,0
S04674,0,1
S04675,1,3
S04676,1,3
S04677,0,1
S04678,1,3
S04679,2,0
S04680,2,0
S04681,0,1
S04682,0,1
S04683,0,1
S04684,1,3
S04685,2,0
S04686,2,0
S04687,0,1
S04688,1,3
S04689,2,0
S04690,2,0
S04691,0,1
S04692,0,1
S04693,0,1
S04694,2,0
S04695,1,3
S04696,2,0
S04697,2,0
S04698,1,3
S04699,1,3
S04700,1,3
S04701,2,0
S04702,1,3
S04703,1,3
S04704,1,3
S04705,0,1
S04706,1,3
S04707,1,3
S04708,1,3
S04709,0,1
S04710,2,0
S04711,2,0
S04712,2,0
S04713,1,3
S04714,0,1
S04715,2,0
S04716,0,1
S04717,0,1
S04718,0,1
S04719,2,0
S04720,0,1
S04721,0,1
S04722,1,3
S04723,0,1
S04724,0,1
S04725,1,3
S04726,0,1
S04727,1,3
S04728,1,3
S04729,0,1
S04730,1,3
S04731,1,3
S04732,0,1
S04733,2,0
S04734,1,3
S04735,2,0
S04736,1,3
S04737,0,1
S04738,0,1
S04739,0,1
S04740,2,0
S04741,2,0
S04742,0,1
S04743,1,3
S04744,2,0
S04745,0,1
S04746,2,0
S04747,2,0
S04748,1,3
S04749,1,3
S04750,0,1
S04751,1,3
S04752,2,0
S04753,0,1
S04754,0,1
S04755,0,1
S04756,2,0
S04757,0,1
S04758,1,3
S04759,0,1
S04760,1,3
S04761,1,3
S04762,2,0
S04763,1,3
S04764,0,1
S04765,1,3
S04766,0,1
S04767,1,3
S04768,1,3
S04769,1,3
S04770,2,0
S04771,1,3
S04772,2,0
S04773,0,1
S04774,2,0
S04775,1,3
S04776,0,1
S04777,0,1
S04778,0,1
S04779,0,1
S04780,1,3
S04781,0,1
S04782,0,1
S04783,1,3
S04784,0,1
S04785,1,3
S04786,1,3
S04787,2,0
S04788,1,3
S04789,1,3
S04790,0,1
S04791,0,1
S04792,0,1
S04793,0,1
S04794,0,1
S04795,0,1
S04796,0,1
S04797,0,1
S04798,0,1
S04799,0,1
S04800,1,3
S04801,2,0
S04802,0,1
S04803,2,0
S04804,0,1
S04805,1,3
S04806,0,1
S04807,2,0
S04808,0,1
S04809,1,3
S04810,0,1
S04811,1,3
S04812,2,0
S04813,1,3
S04814,0,1
S04815,1,3
S04816,1,3
S04817,0,1
S04818,1,3
S04819,2,0
S04820,2,0
S04821,0,1
S04822,1,3
S04823,0,1
S04824,2,0
S04825,0,1
S04826,2,0
S04827,0,1
S04828,0,1
S04829,2,0
S04830,1,3
S04831,1,3
S04832,1,3
S04833,0,1
S04834,1,3
S04835,0,1
S04836,2,0
S04837,1,3
S04838,2,0
S04839,1,3
S04840,0,1
S04841,0,1
S04842,1,3
S04843,1,3
S04844,2,0
S04845,1,3
S04846,1,3
S04847,0,1
S04848,0,1
S04849,2,0
S04850,1,3
S04851,2,0
S04852,1,3
S04853,0,1
S04854,0,1
S04855,0,1
S04856,2,0
S04857,1,3
S04858,1,3
S04859,2,0
S04860,0,1
S04861,0,1
S04862,0,1
S04863,2,0
S04864,0,1
S04865,0,1
S04866,0,1
S04867,2,0
S04868,1,3
S04869,1,3
S04870,2,0
S04871,0,1
S04872,2,0
S04873,1,3
S04874,1,3
S04875,1,3
S04876,1,3
S04877,0,1
S04878,1,3
S04879,2,0
S04880,1,3
S04881,2,0
S04882,1,3
S04883,1,3
S04884,1,3
S04885,1,3
S04886,0,1
S04887,2,0
S04888,2,0
S04889,0,1
S04890,2,0
S04891,0,1
S04892,1,3
S04893,0,1
S04894,0,1
S04895,0,1
S04896,2,0
S04897,1,3
S04898,1,3
S04899,2,0
S04900,0,1
S04901,2,0
S04902,0,1
S04903,1,3
S04904,2,0
S04905,0,1
S04906,2,0
S04907,2,0
S04908,1,3
S04909,2,0
S04910,1,3
S04911,0,1
S04912,0,1
S04913,1,3
S04914,2,0
S04915,2,0
S04916,2,0
S04917,1,3
S04918,0,1
S04919,1,3
S04920,1,3
S04921,2,0
S04922,0,1
S04923,1,3
S04924,0,1
S04925,0,1
S04926,0,1
S04927,0,1
S04928,0,1
S04929,0,1
S04930,2,0
S04931,2,0
S04932,0,1
S04933,2,0
S04934,2,0
S04935,0,1
S04936,1,3
S04937,2,0
S04938,1,3
S04939,2,0
S04940,1,3
S04941,0,1
S04942,1,3
S04943,1,3
S04944,0,1
S04945,1,3
S04946,1,3
S04947,2,0
S04948,1,3
S04949,2,0
S04950,0,1
S04951,0,1
S04952,0,1
S04953,0,1
S04954,1,3
S04955,2,0
S04956,1,3
S04957,2,0
S04958,1,3
S04959,0,1
S04960,0,1
S04961,1,3
S04962,0,1
S04963,2,0
S04964,2,0
S04965,2,0
S04966,0,1
S04967,2,0
S04968,0,1
S04969,1,3
S04970,0,1
S04971,0,1
S04972,0,1
S04973,0,1
S04974,1,3
S04975,0,1
S04976,0,1
S04977,0,1
S04978,1,3
S04979,1,3
S04980,0,1
S04981,0,1
S04982,0,1
S04983,2,0
S04984,2,0
S04985,1,3
S04986,0,1
S04987,2,0
S04988,2,0
S04989,2,0
S04990,2,0
S04991,2,0
S04992,0,1
S04993,2,0
S04994,2,0
S04995,2,0
S04996,0,1
S04997,1,3
S04998,0,1
S04999,1,3
S05000,0,1
S05001,1,3
S05002,1,3
S05003,1,3
S05004,1,3
S05005,0,1
S05006,0,1
S05007,0,1
S05008,2,0
S05009,0,1
S05010,1,3
S05011,1,3
S05012,0,1
S05013,0,1
S05014,2,0
S05015,0,1
S05016,1,3
S05017,0,1
S05018,1,3
S05019,0,1
S05020,1,3
S05021,0,1
S05022,1,3
S05023,2,0
S05024,0,1
S05025,0,1
S05026,1,3
S05027,0,1
S05028,0,1
S05029,2,0
S05030,0,1
S05031,0,1
S05032,0,1
S05033,1,3
S05034,1,3
S05035,0,1
S05036,0,1
S05037,0,1
S05038,1,3
S05039,1,3
S05040,2,0
S05041,1,3
S05042,1,3
S05043,2,0
S05044,2,0
S05045,0,1
S05046,0,1
S05047,0,1
S05048,2,0
S05049,0,1
S05050,1,3
S05051,1,3
S05052,1,3
S05053,1,3
S05054,1,3
S05055,0,1
S05056,2,0
S05057,2,0
S05058,1,3
S05059,1,3
S05060,1,3
S05061,0,1
S05062,1,3
S05063,0,1
S05064,0,1
S05065,0,1
S05066,0,1
S05067,1,3
S05068,0,1
S05069,2,0
S05070,0,1
S05071,2,0
S05072,0,1
S05073,1,3
S05074,1,3
S05075,0,1
S05076,2,0
S05077,2,0
S05078,1,3
S05079,1,3
S05080,1,3
S05081,1,3
S05082,1,3
S05083,1,3
S05084,2,0
S05085,0,1
S05086,0,1
S05087,1,3
S05088,0,1
S05089,0,1
S05090,1,3
S05091,0,1
S05092,0,1
S05093,1,3
S05094,2,0
S05095,0,1
S05096,1,3
S05097,2,0
S05098,0,1
S05099,1,3
S05100,0,1
S05101,2,0
S05102,2,0
S05103,1,3
S05104,2,0
S05105,0,1
S05106,0,1
S05107,1,3
S05108,0,1
S05109,0,1
S05110,1,3
S05111,0,1
S05112,1,3
S05113,2,0
S05114,0,1
S05115,0,1
S05116,2,0
S05117,2,0
S05118,0,1
S05119,0,1
S05120,2,0
S05121,0,1
S05122,2,0
S05123,0,1
S05124,1,3
S05125,1,3
S05126,0,1
S05127,2,0
S05128,1,3
S05129,0,1
S05130,1,3
S05131,0,1
S05132,2,0
S05133,0,1
S05134,1,3
S05135,1,3
S05136,2,0
S05137,0,1
S05138,2,0
S05139,1,3
S05140,0,1
S05141,1,3
S05142,0,1
S05143,2,0
S05144,1,3
S05145,2,0
S05146,1,3
S05147,0,1
S05148,2,0
S05149,0,1
S05150,0,1
S05151,1,3
S05152,2,0
S05153,1,3
S05154,2,0
S05155,1,3
S05156,0,1
S05157,1,3
S05158,2,0
S05159,2,0
S05160,0,1
S05161,0,1
S05162,0,1
S05163,1,3
S05164,0,1
S05165,0,1
S05166,2,0
S05167,0,1
S05168,2,0
S05169,0,1
S05170,0,1
S05171,0,1
S05172,0,1
S05173,0,1
S05174,1,3
S05175,0,1
S05176,0,1
S05177,0,1
S05178,2,0
S05179,2,0
S05180,0,1
S05181,1,3
S05182,0,1
S05183,2,0
S05184,1,3
S05185,0,1
S05186,1,3
S05187,1,3
S05188,0,1
S05189,1,3
S05190,0,1
S05191,0,1
S05192,0,1
S05193,1,3
S05194,1,3
S05195,0,1
S05196,0,1
S05197,0,1
S05198,0,1
S05199,1,3
S05200,0,1
S05201,0,1
S05202,2,0
S05203,1,3
S05204,2,0
S05205,0,1
S05206,0,1
S05207,0,1
S05208,0,1
S05209,0,1
S05210,1,3
S05211,0,1
S05212,2,0
S05213,0,1
S05214,0,1
S05215,2,0
S05216,2,0
S05217,0,1
S05218,0,1
S05219,1,3
S05220,2,0
S05221,2,0
S05222,0,1
S05223,1,3
S05224,1,3
S05225,1,3
S05226,0,1
S05227,0,1
S05228,2,0
S05229,0,1
S05230,2,0
S05231,2,0
S05232,0,1
S05233,1,3
S05234,0,1
S05235,1,3
S05236,0,1
S05237,2,0
S05238,0,1
S05239,1,3
S05240,1,3
S05241,1,3
S05242,1,3
S05243,2,0
S05244,0,1
S05245,0,1
S05246,0,1
S05247,1,3
S05248,0,1
S05249,0,1
S05250,2,0
S05251,0,1
S05252,0,1
S05253,2,0
S05254,0,1
S05255,0,1
S05256,0,1
S05257,0,1
S05258,1,3
S05259,1,3
S05260,2,0
S05261,1,3
S05262,1,3
S05263,1,3
S05264,0,1
S05265,1,3
S05266,0,1
S05267,2,0
S05268,0,1
S05269,0,1
S05270,0,1
S05271,2,0
S05272,1,3
S05273,0,1
S05274,0,1
S05275,2,0
S05276,2,0
S05277,2,0
S05278,0,1
S05279,1,3
S05280,2,0
S05281,2,0
S05282,0,1
S05283,0,1
S05284,1,3
S05285,2,0
S05286,1,3
S05287,0,1
S05288,0,1
S05289,0,1
S05290,0,1
S05291,1,3
S05292,1,3
S05293,0,1
S05294,2,0
S05295,1,3
S05296,0,1
S05297,1,3
S05298,0,1
S05299,2,0
S05300,2,0
S05301,1,3
S05302,1,3
S05303,2,0
S05304,2,0
S05305,0,1
S05306,0,1
S05307,2,0
S05308,1,3
S05309,1,3
S05310,0,1
S05311,2,0
S05312,0,1
S05313,2,0
S05314,0,1
S05315,2,0
S05316,2,0
S05317,2,0
S05318,1,3
S05319,0,1
S05320,1,3
S05321,1,3
S05322,0,1
S05323,1,3
S05324,1,3
S05325,0,1
S05326,0,1
S05327,2,0
S05328,1,3
S05329,1,3
S05330,1,3
S05331,0,1
S05332,0,1
S05333,2,0
S05334,1,3
S05335,0,1
S05336,0,1
S05337,0,1
S05338,2,0
S05339,2,0
S05340,2,0
S05341,2,0
S05342,2,0
S05343,2,0
S05344,0,1
S05345,2,0
S05346,0,1
S05347,1,3
S05348,1,3
S05349,2,0
S05350,2,0
S05351,0,1
S05352,1,3
S05353,1,3
S05354,0,1
S05355,2,0
S05356,1,3
S05357,0,1
S05358,2,0
S05359,0,1
S05360,1,3
S05361,1,3
S05362,1,3
S05363,1,3
S05364,0,1
S05365,1,3
S05366,0,1
S05367,2,0
S05368,1,3
S05369,0,1
S05370,2,0
S05371,0,1
S05372,1,3
S05373,1,3
S05374,0,1
S05375,0,1
S05376,1,3
S05377,2,0
S05378,0,1
S05379,2,0
S05380,2,0
S05381,1,3
S05382,0,1
S05383,2,0
S05384,1,3
S05385,2,0
S05386,2,0
S05387,2,0
S05388,0,1
S05389,2,0
S05390,1,3
S05391,2,0
S05392,0,1
S05393,2,0
S05394,0,1
S05395,0,1
S05396,0,1
S05397,1,3
S05398,0,1
S05399,0,1
S05400,1,3
S05401,0,1
S05402,2,0
S05403,1,3
S05404,0,1
S05405,1,3
S05406,0,1
S05407,2,0
S05408,1,3
S05409,1,3
S05410,2,0
S05411,0,1
S05412,1,3
S05413,0,1
S05414,0,1
S05415,0,1
S05416,0,1
S05417,2,0
S05418,0,1
S05419,1,3
S05420,2,0
S05421,2,0
S05422,0,1
S05423,1,3
S05424,1,3
S05425,2,0
S05426,0,1
S05427,2,0
S05428,1,3
S05429,2,0
S05430,0,1
S05431,2,0
S05432,0,1
S05433,0,1
S05434,1,3
S05435,0,1
S05436,0,1
S05437,2,0
S05438,1,3
S05439,0,1
S05440,0,1
S05441,1,3
S05442,0,1
S05443,0,1
S05444,1,3
S05445,2,0
S05446,0,1
S05447,0,1
S05448,0,1
S05449,1,3
S05450,0,1
S05451,0,1
S05452,1,3
S05453,2,0
S05454,0,1
S05455,1,3
S05456,0,1
S05457,0,1
S05458,1,3
S05459,0,1
S05460,0,1
S05461,0,1
S05462,0,1
S05463,2,0
S05464,0,1
S05465,2,0
S05466,0,1
S05467,1,3
S05468,1,3
S05469,0,1
S05470,1,3
S05471,1,3
S05472,0,1
S05473,2,0
S05474,0,1
S05475,0,1
S05476,2,0
S05477,0,1
S05478,1,3
S05479,1,3
S05480,0,1
S05481,1,3
S05482,2,0
S05483,0,1
S05484,0,1
S05485,2,0
S05486,1,3
S05487,2,0
S05488,0,1
S05489,2,0
S05490,2,0
S05491,0,1
S05492,1,3
S05493,1,3
S05494,0,1
S05495,2,0
S05496,0,1
S05497,0,1
S05498,0,1
S05499,2,0
S05500,2,0
S05501,2,0
S05502,0,1
S05503,2,0
S05504,1,3
S05505,1,3
S05506,0,1
S05507,2,0
S05508,1,3
S05509,0,1
S05510,1,3
S05511,0,1
S05512,0,1
S05513,2,0
S05514,0,1
S05515,1,3
S05516,2,0
S05517,0,1
S05518,1,3
S05519,2,0
S05520,1,3
S05521,0,1
S05522,0,1
S05523,1,3
S05524,0,1
S05525,0,1
S05526,0,1
S05527,2,0
S05528,1,3
S05529,0,1
S05530,0,1
S05531,0,1
S05532,1,3
S05533,0,1
S05534,1,3
S05535,1,3
S05536,0,1
S05537,1,3
S05538,0,1
S05539,0,1
S05540,0,1
S05541,1,3
S05542,1,3
S05543,0,1
S05544,2,0
S05545,1,3
S05546,0,1
S05547,1,3
S05548,2,0
S05549,1,3
S05550,2,0
S05551,0,1
S05552,1,3
S05553,2,0
S05554,0,1
S05555,0,1
S05556,0,1
S05557,1,3
S05558,1,3
S05559,0,1
S05560,2,0
S05561,2,0
S05562,0,1
S05563,2,0
S05564,2,0
S05565,0,1
S05566,1,3
S05567,1,3
S05568,1,3
S05569,2,0
S05570,0,1
S05571,0,1
S05572,0,1
S05573,2,0
S05574,0,1
S05575,0,1
S05576,1,3
S05577,0,1
S05578,0,1
S05579,2,0
S05580,0,1
S05581,1,3
S05582,0,1
S05583,1,3
S05584,2,0
S05585,1,3
S05586,2,0
S05587,0,1
S05588,2,0
S05589,0,1
S05590,0,1
S05591,1,3
S05592,0,1
S05593,0,1
S05594,1,3
S05595,0,1
S05596,2,0
S05597,1,3
S05598,0,1
S05599,1,3
S05600,0,1
S05601,1,3
S05602,2,0
S05603,2,0
S05604,2,0
S05605,1,3
S05606,1,3
S05607,0,1
S05608,2,0
S05609,2,0
S05610,1,3
S05611,1,3
S05612,2,0
S05613,0,1
S05614,1,3
S05615,0,1
S05616,2,0
S05617,2,0
S05618,2,0
S05619,0,1
S05620,2,0
S05621,2,0
S05622,1,3
S05623,0,1
S05624,0,1
S05625,0,1
S05626,1,3
S05627,1,3
S05628,1,3
S05629,0,1
S05630,1,3
S05631,1,3
S05632,1,3
S05633,2,0
S05634,0,1
S05635,2,0
S05636,1,3
S05637,1,3
S05638,2,0
S05639,0,1
S05640,0,1
S05641,1,3
S05642,2,0
S05643,1,3
S05644,0,1
S05645,0,1
S05646,0,1
S05647,1,3
S05648,1,3
S05649,1,3
S05650,1,3
S05651,0,1
S05652,0,1
S05653,1,3
S05654,0,1
S05655,2,0
S05656,1,3
S05657,1,3
S05658,1,3
S05659,0,1
S05660,1,3
S05661,2,0
S05662,1,3
S05663,0,1
S05664,2,0
S05665,0,1
S05666,0,1
S05667,0,1
S05668,0,1
S05669,2,0
S05670,1,3
S05671,2,0
S05672,0,1
S05673,1,3
S05674,0,1
S05675,1,3
S05676,1,3
S05677,2,0
S05678,2,0
S05679,1,3
S05680,0,1
S05681,0,1
S05682,2,0
S05683,0,1
S05684,1,3
S05685,1,3
S05686,1,3
S05687,0,1
S05688,2,0
S05689,0,1
S05690,1,3
S05691,2,0
S05692,1,3
S05693,0,1
S05694,0,1
S05695,2,0
S05696,0,1
S05697,1,3
S05698,0,1
S05699,2,0
S05700,2,0
S05701,0,1
S05702,2,0
S05703,2,0
S05704,0,1
S05705,1,3
S05706,0,1
S05707,2,0
S05708,1,3
S05709,0,1
S05710,0,1
S05711,1,3
S05712,1,3
S05713,0,1
S05714,0,1
S05715,2,0
S05716,2,0
S05717,1,3
S05718,0,1
S05719,0,1
S05720,0,1
S05721,2,0
S05722,1,3
S05723,0,1
S05724,1,3
S05725,1,3
S05726,1,3
S05727,2,0
S05728,1,3
S05729,0,1
S05730,1,3
S05731,1,3
S05732,0,1
S05733,0,1
S05734,2,0
S05735,1,3
S05736,0,1
S05737,2,0
S05738,2,0
S05739,2,0
S05740,0,1
S05741,0,1
S05742,2,0
S05743,1,3
S05744,0,1
S05745,0,1
S05746,0,1
S05747,0,1
S05748,0,1
S05749,0,1
S05750,2,0
S05751,0,1
S05752,2,0
S05753,2,0
S05754,0,1
S05755,0,1
S05756,2,0
S05757,1,3
S05758,1,3
S05759,1,3
S05760,0,1
S05761,0,1
S05762,1,3
S05763,1,3
S05764,0,1
S05765,2,0
S05766,2,0
S05767,0,1
S05768,2,0
S05769,0,1
S05770,2,0
S05771,2,0
S05772,1,3
S05773,1,3
S05774,1,3
S05775,2,0
S05776,2,0
S05777,1,3
S05778,0,1
S05779,2,0
S05780,2,0
S05781,0,1
S05782,0,1
S05783,0,1
S05784,0,1
S05785,1,3
S05786,2,0
S05787,0,1
S05788,1,3
S05789,2,0
S05790,0,1
S05791,0,1
S05792,0,1
S05793,2,0
S05794,1,3
S05795,0,1
S05796,0,1
S05797,1,3
S05798,1,3
S05799,1,3
S05800,1,3
S05801,1,3
S05802,0,1
S05803,1,3
S05804,1,3
S05805,0,1
S05806,1,3
S05807,2,0
S05808,0,1
S05809,2,0
S05810,2,0
S05811,2,0
S05812,1,3
S05813,0,1
S05814,1,3
S05815,0,1
S05816,1,3
S05817,0,1
S05818,1,3
S05819,0,1
S05820,0,1
S05821,0,1
S05822,0,1
S05823,0,1
S05824,1,3
S05825,0,1
S05826,0,1
S05827,2,0
S05828,1,3
S05829,1,3
S05830,1,3
S05831,0,1
S05832,1,3
S05833,0,1
S05834,0,1
S05835,2,0
S05836,0,1
S05837,2,0
S05838,0,1
S05839,0,1
S05840,1,3
S05841,2,0
S05842,0,1
S05843,2,0
S05844,0,1
S05845,1,3
S05846,1,3
S05847,1,3
S05848,0,1
S05849,2,0
S05850,2,0
S05851,1,3
S05852,0,1
S05853,2,0
S05854,2,0
S05855,0,1
S05856,2,0
S05857,0,1
S05858,2,0
S05859,1,3
S05860,2,0
S05861,0,1
S05862,1,3
S05863,0,1
S05864,1,3
S05865,0,1
S05866,1,3
S05867,2,0
S05868,1,3
S05869,0,1
S05870,2,0
S05871,2,0
S05872,1,3
S05873,0,1
S05874,1,3
S05875,2,0
S05876,2,0
S05877,2,0
S05878,0,1
S05879,1,3
S05880,0,1
S05881,1,3
S05882,1,3
S05883,2,0
S05884,2,0
S05885,0,1
S05886,1,3
S05887,2,0
S05888,2,0
S05889,1,3
S05890,0,1
S05891,1,3
S05892,1,3
S05893,0,1
S05894,0,1
S05895,1,3
S05896,1,3
S05897,0,1
S05898,2,0
S05899,2,0
S05900,1,3
S05901,0,1
S05902,1,3
S05903,0,1
S05904,0,1
S05905,0,1
S05906,1,3
S05907,0,1
S05908,0,1
S05909,2,0
S05910,1,3
S05911,0,1
S05912,1,3
S05913,0,1
S05914,0,1
S05915,0,1
S05916,2,0
S05917,1,3
S05918,2,0
S05919,0,1
S05920,1,3
S05921,0,1
S05922,1,3
S05923,0,1
S05924,1,3
S05925,0,1
S05926,1,3
S05927,1,3
S05928,2,0
S05929,2,0
S05930,2,0
S05931,2,0
S05932,0,1
S05933,0,1
S05934,0,1
S05935,2,0
S05936,1,3
S05937,2,0
S05938,2,0
S05939,2,0
S05940,0,1
S05941,0,1
S05942,1,3
S05943,1,3
S05944,0,1
S05945,0,1
S05946,2,0
S05947,0,1
S05948,2,0
S05949,0,1
S05950,0,1
S05951,0,1
S05952,0,1
S05953,1,3
S05954,0,1
S05955,1,3
S05956,2,0
S05957,0,1
S05958,2,0
S05959,1,3
S05960,0,1
S05961,1,3
S05962,0,1
S05963,0,1
S05964,1,3
S05965,0,1
S05966,2,0
S05967,0,1
S05968,0,1
S05969,1,3
S05970,0,1
S05971,0,1
S05972,2,0
S05973,2,0
S05974,0,1
S05975,1,3
S05976,2,0
S05977,2,0
S05978,1,3
S05979,1,3
S05980,0,1
S05981,0,1
S05982,0,1
S05983,0,1
S05984,0,1
S05985,1,3
S05986,0,1
S05987,0,1
S05988,1,3
S05989,2,0
S05990,0,1
S05991,0,1
S05992,0,1
S05993,2,0
S05994,2,0
S05995,2,0
S05996,1,3
S05997,1,3
S05998,1,3
S05999,1,3
S06000,2,0
S06001,1,3
S06002,1,3
S06003,0,1
S06004,1,3
S06005,1,3
S06006,1,3
S06007,1,3
S06008,2,0
S06009,0,1
S06010,0,1
S06011,0,1
S06012,0,1
S06013,0,1
S06014,0,1
S06015,0,1
S06016,2,0
S06017,0,1
S06018,1,3
S06019,0,1
S06020,0,1
S06021,2,0
S06022,2,0
S06023,1,3
S06024,0,1
S06025,0,1
S06026,0,1
S06027,2,0
S06028,1,3
S06029,0,1
S06030,0,1
S06031,0,1
S06032,0,1
S06033,0,1
S06034,2,0
S06035,2,0
S06036,0,1
S06037,0,1
S06038,0,1
S06039,1,3
S06040,2,0
S06041,1,3
S06042,2,0
S06043,0,1
S06044,2,0
S06045,2,0
S06046,2,0
S06047,1,3
S06048,0,1
S06049,2,0
S06050,0,1
S06051,0,1
S06052,0,1
S06053,2,0
S06054,2,0
S06055,2,0
S06056,0,1
S06057,1,3
S06058,1,3
S06059,1,3
S06060,1,3
S06061,2,0
S06062,2,0
S06063,1,3
S06064,0,1
S06065,1,3
S06066,2,0
S06067,0,1
S06068,0,1
S06069,2,0
S06070,1,3
S06071,1,3
S06072,1,3
S06073,2,0
S06074,0,1
S06075,2,0
S06076,1,3
S06077,0,1
S06078,1,3
S06079,0,1
S06080,1,3
S06081,0,1
S06082,1,3
S06083,0,1
S06084,0,1
S06085,0,1
S06086,1,3
S06087,0,1
S06088,0,1
S06089,1,3
S06090,1,3
S06091,0,1
S06092,0,1
S06093,0,1
S06094,0,1
S06095,0,1
S06096,1,3
S06097,1,3
S06098,1,3
S06099,1,3
S06100,2,0
S06101,1,3
S06102,2,0
S06103,1,3
S06104,1,3
S06105,0,1
S06106,0,1
S06107,1,3
S06108,0,1
S06109,0,1
S06110,2,0
S06111,2,0
S06112,2,0
S06113,1,3
S06114,2,0
S06115,1,3
S06116,2,0
S06117,0,1
S06118,0,1
S06119,1,3
S06120,0,1
S06121,0,1
S06122,2,0
S06123,0,1
S06124,1,3
S06125,0,1
S06126,0,1
S06127,1,3
S06128,0,1
S06129,2,0
S06130,2,0
S06131,2,0
S06132,1,3
S06133,1,3
S06134,1,3
S06135,0,1
S06136,0,1
S06137,0,1
S06138,0,1
S06139,2,0
S06140,0,1
S06141,1,3
S06142,0,1
S06143,1,3
S06144,0,1
S06145,1,3
S06146,0,1
S06147,0,1
S06148,1,3
S06149,1,3
S06150,0,1
S06151,1,3
S06152,1,3
S06153,2,0
S06154,0,1
S06155,1,3
S06156,1,3
S06157,0,1
S06158,1,3
S06159,2,0
S06160,0,1
S06161,1,3
S06162,1,3
S06163,2,0
S06164,0,1
S06165,0,1
S06166,1,3
S06167,2,0
S06168,0,1
S06169,1,3
S06170,0,1
S06171,2,0
S06172,1,3
S06173,0,1
S06174,0,1
S06175,0,1
S06176,1,3
S06177,0,1
S06178,1,3
S06179,0,1
S06180,0,1
S06181,0,1
S06182,1,3
S06183,2,0
S06184,0,1
S06185,2,0
S06186,0,1
S06187,0,1
S06188,0,1
S06189,0,1
S06190,0,1
S06191,1,3
S06192,1,3
S06193,0,1
S06194,0,1
S06195,0,1
S06196,1,3
S06197,1,3
S06198,1,3
S06199,0,1
S06200,1,3
S06201,2,0
S06202,2,0
S06203,0,1
S06204,1,3
S06205,1,3
S06206,1,3
S06207,2,0
S06208,1,3
S06209,0,1
S06210,1,3
S06211,1,3
S06212,2,0
S06213,1,3
S06214,0,1
S06215,2,0
S06216,2,0
S06217,0,1
S06218,0,1
S06219,0,1
S06220,2,0
S06221,0,1
S06222,0,1
S06223,0,1
S06224,0,1
S06225,0,1
S06226,1,3
S06227,0,1
S06228,1,3
S06229,1,3
S06230,1,3
S06231,1,3
S06232,0,1
S06233,0,1
S06234,2,0
S06235,0,1
S06236,2,0
S06237,0,1
S06238,1,3
S06239,2,0
S06240,0,1
S06241,1,3
S06242,0,1
S06243,2,0
S06244,0,1
S06245,0,1
S06246,0,1
S06247,1,3
S06248,0,1
S06249,0,1
S06250,2,0
S06251,0,1
S06252,2,0
S06253,0,1
S06254,2,0
S06255,2,0
S06256,1,3
S06257,0,1
S06258,1,3
S06259,2,0
S06260,0,1
S06261,1,3
S06262,0,1
S06263,1,3
S06264,0,1
S06265,0,1
S06266,0,1
S06267,2,0
S06268,0,1
S06269,2,0
S06270,0,1
S06271,1,3
S06272,0,1
S06273,0,1
S06274,2,0
S06275,1,3
S06276,0,1
S06277,0,1
S06278,0,1
S06279,2,0
S06280,2,0
S06281,2,0
S06282,0,1
S06283,2,0
S06284,0,1
S06285,1,3
S06286,2,0
S06287,0,1
S06288,2,0
S06289,0,1
S06290,0,1
S06291,0,1
S06292,0,1
S06293,0,1
S06294,0,1
S06295,0,1
S06296,1,3
S06297,2,0
S06298,0,1
S06299,0,1
S06300,1,3
S06301,0,1
S06302,2,0
S06303,1,3
S06304,0,1
S06305,0,1
S06306,0,1
S06307,1,3
S06308,0,1
S06309,0,1
S06310,2,0
S06311,2,0
S06312,0,1
S06313,1,3
S06314,1,3
S06315,0,1
S06316,0,1
S06317,0,1
S06318,1,3
S06319,0,1
S06320,2,0
S06321,1,3
S06322,0,1
S06323,0,1
S06324,1,3
S06325,2,0
S06326,0,1
S06327,1,3
S06328,2,0
S06329,0,1
S06330,0,1
S06331,1,3
S06332,0,1
S06333,2,0
S06334,0,1
S06335,0,1
S06336,2,0
S06337,0,1
S06338,2,0
S06339,1,3
S06340,2,0
S06341,2,0
S06342,1,3
S06343,1,3
S06344,1,3
S06345,2,0
S06346,1,3
S06347,2,0
S06348,1,3
S06349,2,0
S06350,2,0
S06351,2,0
S06352,1,3
S06353,0,1
S06354,1,3
S06355,0,1
S06356,2,0
S06357,1,3
S06358,1,3
S06359,1,3
S06360,0,1
S06361,0,1
S06362,2,0
S06363,2,0
S06364,0,1
S06365,0,1
S06366,2,0
S06367,2,0
S06368,1,3
S06369,0,1
S06370,0,1
S06371,1,3
S06372,0,1
S06373,1,3
S06374,1,3
S06375,1,3
S06376,0,1
S06377,1,3
S06378,2,0
S06379,1,3
S06380,1,3
S06381,2,0
S06382,1,3
S06383,2,0
S06384,0,1
S06385,0,1
S06386,2,0
S06387,2,0
S06388,1,3
S06389,0,1
S06390,0,1
S06391,2,0
S06392,0,1
S06393,1,3
S06394,0,1
S06395,0,1
S06396,2,0
S06397,1,3
S06398,2,0
S06399,1,3
S06400,1,3
S06401,0,1
S06402,2,0
S06403,0,1
S06404,0,1
S06405,0,1
S06406,2,0
S06407,1,3
S06408,2,0
S06409,2,0
S06410,2,0
S06411,1,3
S06412,2,0
S06413,1,3
S06414,2,0
S06415,2,0
S06416,1,3
S06417,0,1
S06418,1,3
S06419,0,1
S06420,0,1
S06421,0,1
S06422,0,1
S06423,0,1
S06424,1,3
S06425,1,3
S06426,0,1
S06427,1,3
S06428,1,3
S06429,2,0
S06430,2,0
S06431,1,3
S06432,0,1
S06433,1,3
S06434,1,3
S06435,2,0
S06436,2,0
S06437,1,3
S06438,1,3
S06439,0,1
S06440,2,0
S06441,1,3
S06442,0,1
S06443,0,1
S06444,1,3
S06445,2,0
S06446,0,1
S06447,1,3
S06448,2,0
S06449,2,0
S06450,1,3
S06451,2,0
S06452,1,3
S06453,0,1
S06454,1,3
S06455,1,3
S06456,0,1
S06457,2,0
S06458,1,3
S06459,0,1
S06460,1,3
S06461,2,0
S06462,0,1
S06463,2,0
S06464,2,0
S06465,2,0
S06466,1,3
S06467,0,1
S06468,0,1
S06469,1,3
S06470,1,3
S06471,2,0
S06472,2,0
S06473,2,0
S06474,2,0
S06475,2,0
S06476,1,3
S06477,0,1
S06478,0,1
S06479,1,3
S06480,2,0
S06481,2,0
S06482,2,0
S06483,2,0
S06484,0,1
S06485,0,1
S06486,1,3
S06487,0,1
S06488,0,1
S06489,0,1
S06490,0,1
S06491,2,0
S06492,0,1
S06493,1,3
S06494,2,0
S06495,2,0
S06496,0,1
S06497,0,1
S06498,2,0
S06499,2,0
S06500,2,0
S06501,0,1
S06502,0,1
S06503,0,1
S06504,2,0
S06505,2,0
S06506,1,3
S06507,0,1
S06508,0,1
S06509,1,3
S06510,1,3
S06511,2,0
S06512,2,0
S06513,1,3
S06514,0,1
S06515,1,3
S06516,1,3
S06517,1,3
S06518,2,0
S06519,0,1
S06520,0,1
S06521,0,1
S06522,2,0
S06523,2,0
S06524,0,1
S06525,2,0
S06526,1,3
S06527,0,1
S06528,1,3
S06529,2,0
S06530,0,1
S06531,1,3
S06532,0,1
S06533,2,0
S06534,0,1
S06535,0,1
S06536,0,1
S06537,1,3
S06538,2,0
S06539,0,1
S06540,2,0
S06541,2,0
S06542,1,3
S06543,1,3
S06544,2,0
S06545,2,0
S06546,0,1
S06547,1,3
S06548,1,3
S06549,1,3
S06550,1,3
S06551,0,1
S06552,0,1
S06553,0,1
S06554,0,1
S06555,1,3
S06556,2,0
S06557,0,1
S06558,0,1
S06559,1,3
S06560,1,3
S06561,0,1
S06562,0,1
S06563,0,1
S06564,0,1
S06565,1,3
S06566,1,3
S06567,2,0
S06568,2,0
S06569,0,1
S06570,1,3
S06571,1,3
S06572,1,3
S06573,0,1
S06574,1,3
S06575,0,1
S06576,0,1
S06577,1,3
S06578,1,3
S06579,2,0
S06580,0,1
S06581,1,3
S06582,0,1
S06583,1,3
S06584,1,3
S06585,1,3
S06586,2,0
S06587,1,3
S06588,0,1
S06589,0,1
S06590,1,3
S06591,0,1
S06592,0,1
S06593,1,3
S06594,2,0
S06595,2,0
S06596,1,3
S06597,2,0
S06598,1,3
S06599,0,1
S06600,1,3
S06601,0,1
S06602,1,3
S06603,1,3
S06604,2,0
S06605,1,3
S06606,0,1
S06607,0,1
S06608,1,3
S06609,1,3
S06610,0,1
S06611,1,3
S06612,1,3
S06613,0,1
S06614,0,1
S06615,0,1
S06616,0,1
S06617,2,0
S06618,2,0
S06619,2,0
S06620,0,1
S06621,2,0
S06622,0,1
S06623,2,0
S06624,2,0
S06625,0,1
S06626,0,1
S06627,0,1
S06628,0,1
S06629,0,1
S06630,0,1
S06631,1,3
S06632,0,1
S06633,0,1
S06634,1,3
S06635,0,1
S06636,2,0
S06637,0,1
S06638,2,0
S06639,1,3
S06640,1,3
S06641,2,0
S06642,2,0
S06643,0,1
S06644,0,1
S06645,0,1
S06646,0,1
S06647,0,1
S06648,0,1
S06649,1,3
S06650,2,0
S06651,1,3
S06652,0,1
S06653,2,0
S06654,2,0
S06655,2,0
S06656,2,0
S06657,2,0
S06658,2,0
S06659,1,3
S06660,1,3
S06661,0,1
S06662,2,0
S06663,0,1
S06664,2,0
S06665,2,0
S06666,2,0
S06667,2,0
S06668,0,1
S06669,1,3
S06670,1,3
S06671,0,1
S06672,1,3
S06673,0,1
S06674,0,1
S06675,0,1
S06676,1,3
S06677,1,3
S06678,2,0
S06679,0,1
S06680,1,3
S06681,2,0
S06682,1,3
S06683,0,1
S06684,1,3
S06685,1,3
S06686,0,1
S06687,0,1
S06688,0,1
S06689,1,3
S06690,2,0
S06691,2,0
S06692,2,0
S06693,1,3
S06694,0,1
S06695,1,3
S06696,2,0
S06697,0,1
S06698,0,1
S06699,1,3
S06700,2,0
S06701,1,3
S06702,1,3
S06703,1,3
S06704,1,3
S06705,2,0
S06706,1,3
S06707,2,0
S06708,1,3
S06709,1,3
S06710,2,0
S06711,2,0
S06712,1,3
S06713,2,0
S06714,0,1
S06715,1,3
S06716,0,1
S06717,0,1
S06718,2,0
S06719,0,1
S06720,0,1
S06721,0,1
S06722,0,1
S06723,1,3
S06724,1,3
S06725,2,0
S06726,1,3
S06727,2,0
S06728,2,0
S06729,1,3
S06730,1,3
S06731,1,3
S06732,0,1
S06733,0,1
S06734,1,3
S06735,1,3
S06736,2,0
S06737,2,0
S06738,0,1
S06739,2,0
S06740,1,3
S06741,1,3
S06742,1,3
S06743,2,0
S06744,0,1
S06745,0,1
S06746,0,1
S06747,1,3
S06748,0,1
S06749,1,3
S06750,0,1
S06751,0,1
S06752,2,0
S06753,1,3
S06754,1,3
S06755,0,1
S06756,2,0
S06757,0,1
S06758,0,1
S06759,0,1
S06760,0,1
S06761,0,1
S06762,1,3
S06763,1,3
S06764,1,3
S06765,2,0
S06766,1,3
S06767,0,1
S06768,2,0
S06769,1,3
S06770,1,3
S06771,1,3
S06772,1,3
S06773,0,1
S06774,0,1
S06775,0,1
S06776,0,1
S06777,1,3
S06778,2,0
S06779,0,1
S06780,0,1
S06781,0,1
S06782,2,0
S06783,1,3
S06784,0,1
S06785,0,1
S06786,1,3
S06787,1,3
S06788,2,0
S06789,0,1
S06790,2,0
S06791,1,3
S06792,2,0
S06793,0,1
S06794,0,1
S06795,0,1
S06796,0,1
S06797,0,1
S06798,0,1
S06799,0,1
S06800,1,3
S06801,0,1
S06802,0,1
S06803,0,1
S06804,0,1
S06805,1,3
S06806,1,3
S06807,0,1
S06808,1,3
S06809,0,1
S06810,1,3
S06811,2,0
S06812,1,3
S06813,2,0
S06814,2,0
S06815,1,3
S06816,2,0
S06817,2,0
S06818,1,3
S06819,0,1
S06820,2,0
S06821,1,3
S06822,1,3
S06823,1,3
S06824,0,1
S06825,2,0
S06826,1,3
S06827,2,0
S06828,1,3
S06829,0,1
S06830,1,3
S06831,0,1
S06832,1,3
S06833,0,1
S06834,1,3
S06835,0,1
S06836,2,0
S06837,1,3
S06838,2,0
S06839,2,0
S06840,1,3
S06841,1,3
S06842,2,0
S06843,1,3
S06844,0,1
S06845,0,1
S06846,1,3
S06847,2,0
S06848,2,0
S06849,0,1
S06850,0,1
S06851,1,3
S06852,0,1
S06853,0,1
S06854,1,3
S06855,0,1
S06856,0,1
S06857,1,3
S06858,0,1
S06859,1,3
S06860,0,1
S06861,1,3
S06862,0,1
S06863,0,1
S06864,2,0
S06865,0,1
S06866,1,3
S06867,1,3
S06868,1,3
S06869,1,3
S06870,0,1
S06871,2,0
S06872,1,3
S06873,2,0
S06874,1,3
S06875,1,3
S06876,0,1
S06877,2,0
S06878,0,1
S06879,2,0
S06880,0,1
S06881,2,0
S06882,0,1
S06883,2,0
S06884,0,1
S06885,0,1
S06886,0,1
S06887,1,3
S06888,2,0
S06889,2,0
S06890,2,0
S06891,1,3
S06892,2,0
S06893,2,0
S06894,0,1
S06895,0,1
S06896,2,0
S06897,1,3
S06898,0,1
S06899,2,0
S06900,0,1
S06901,0,1
S06902,0,1
S06903,1,3
S06904,0,1
S06905,1,3
S06906,1,3
S06907,1,3
S06908,0,1
S06909,2,0
S06910,1,3
S06911,0,1
S06912,0,1
S06913,0,1
S06914,2,0
S06915,2,0
S06916,1,3
S06917,1,3
S06918,1,3
S06919,0,1
S06920,2,0
S06921,2,0
S06922,1,3
S06923,0,1
S06924,2,0
S06925,2,0
S06926,0,1
S06927,0,1
S06928,2,0
S06929,0,1
S06930,1,3
S06931,1,3
S06932,1,3
S06933,1,3
S06934,1,3
S06935,1,3
S06936,0,1
S06937,1,3
S06938,2,0
S06939,1,3
S06940,1,3
S06941,0,1
S06942,0,1
S06943,1,3
S06944,1,3
S06945,2,0
S06946,2,0
S06947,2,0
S06948,1,3
S06949,0,1
S06950,0,1
S06951,0,1
S06952,2,0
S06953,0,1
S06954,1,3
S06955,1,3
S06956,1,3
S06957,1,3
S06958,1,3
S06959,1,3
S06960,0,1
S06961,1,3
S06962,0,1
S06963,1,3
S06964,1,3
S06965,0,1
S06966,0,1
S06967,1,3
S06968,1,3
S06969,1,3
S06970,0,1
S06971,1,3
S06972,2,0
S06973,0,1
S06974,0,1
S06975,0,1
S06976,1,3
S06977,1,3
S06978,0,1
S06979,2,0
S06980,2,0
S06981,0,1
S06982,1,3
S06983,1,3
S06984,1,3
S06985,0,1
S06986,2,0
S06987,0,1
S06988,0,1
S06989,1,3
S06990,1,3
S06991,0,1
S06992,0,1
S06993,2,0
S06994,2,0
S06995,2,0
S06996,2,0
S06997,1,3
S06998,1,3
S06999,2,0
S07000,1,3
S07001,1,3
S07002,1,3
S07003,0,1
S07004,2,0
S07005,0,1
S07006,1,3
S07007,2,0
S07008,2,0
S07009,1,3
S07010,0,1
S07011,0,1
S07012,2,0
S07013,1,3
S07014,2,0
S07015,1,3
S07016,2,0
S07017,2,0
S07018,0,1
S07019,1,3
S07020,1,3
S07021,2,0
S07022,0,1
S07023,1,3
S07024,1,3
S07025,2,0
S07026,1,3
S07027,2,0
S07028,1,3
S07029,0,1
S07030,0,1
S07031,0,1
S07032,2,0
S07033,2,0
S07034,1,3
S07035,1,3
S07036,1,3
S07037,2,0
S07038,0,1
S07039,1,3
S07040,1,3
S07041,0,1
S07042,2,0
S07043,0,1
S07044,0,1
S07045,0,1
S07046,0,1
S07047,0,1
S07048,0,1
S07049,1,3
S07050,0,1
S07051,2,0
S07052,0,1
S07053,0,1
S07054,1,3
S07055,0,1
S07056,2,0
S07057,2,0
S07058,1,3
S07059,2,0
S07060,2,0
S07061,0,1
S07062,1,3
S07063,2,0
S07064,0,1
S07065,1,3
S07066,0,1
S07067,0,1
S07068,2,0
S07069,1,3
S07070,1,3
S07071,1,3
S07072,2,0
S07073,2,0
S07074,1,3
S07075,1,3
S07076,2,0
S07077,1,3
S07078,2,0
S07079,2,0
S07080,0,1
S07081,0,1
S07082,1,3
S07083,0,1
S07084,1,3
S07085,2,0
S07086,1,3
S07087,1,3
S07088,0,1
S07089,0,1
S07090,1,3
S07091,1,3
S07092,0,1
S07093,0,1
S07094,1,3
S07095,0,1
S07096,2,0
S07097,0,1
S07098,1,3
S07099,0,1
S07100,1,3
S07101,2,0
S07102,0,1
S07103,2,0
S07104,1,3
S07105,2,0
S07106,0,1
S07107,2,0
S07108,2,0
S07109,1,3
S07110,1,3
S07111,1,3
S07112,1,3
S07113,1,3
S07114,0,1
S07115,2,0
S07116,1,3
S07117,0,1
S07118,0,1
S07119,2,0
S07120,1,3
S07121,1,3
S07122,2,0
S07123,0,1
S07124,0,1
S07125,2,0
S07126,0,1
S07127,2,0
S07128,0,1
S07129,1,3
S07130,0,1
S07131,1,3
S07132,0,1
S07133,0,1
S07134,1,3
S07135,0,1
S07136,1,3
S07137,1,3
S07138,0,1
S07139,2,0
S07140,2,0
S07141,2,0
S07142,1,3
S07143,2,0
S07144,2,0
S07145,2,0
S07146,0,1
S07147,0,1
S07148,0,1
S07149,1,3
S07150,0,1
S07151,1,3
S07152,0,1
S07153,1,3
S07154,1,3
S07155,0,1
S07156,0,1
S07157,1,3
S07158,1,3
S07159,0,1
S07160,2,0
S07161,0,1
S07162,2,0
S07163,1,3
S07164,1,3
S07165,0,1
S07166,0,1
S07167,2,0
S07168,0,1
S07169,0,1
S07170,2,0
S07171,0,1
S07172,2,0
S07173,1,3
S07174,2,0
S07175,2,0
S07176,1,3
S07177,1,3
S07178,0,1
S07179,2,0
S07180,1,3
S07181,0,1
S07182,1,3
S07183,1,3
S07184,0,1
S07185,1,3
S07186,2,0
S07187,0,1
S07188,0,1
S07189,1,3
S07190,0,1
S07191,0,1
S07192,2,0
S07193,1,3
S07194,1,3
S07195,0,1
S07196,1,3
S07197,1,3
S07198,2,0
S07199,1,3
S07200,0,1
S07201,2,0
S07202,0,1
S07203,2,0
S07204,0,1
S07205,1,3
S07206,0,1
S07207,0,1
S07208,0,1
S07209,1,3
S07210,0,1
S07211,0,1
S07212,1,3
S07213,1,3
S07214,0,1
S07215,0,1
S07216,1,3
S07217,2,0
S07218,2,0
S07219,2,0
S07220,1,3
S07221,0,1
S07222,2,0
S07223,0,1
S07224,2,0
S07225,2,0
S07226,2,0
S07227,0,1
S07228,1,3
S07229,0,1
S07230,1,3
S07231,2,0
S07232,1,3
S07233,1,3
S07234,0,1
S07235,0,1
S07236,0,1
S07237,0,1
S07238,1,3
S07239,2,0
S07240,0,1
S07241,2,0
S07242,0,1
S07243,1,3
S07244,2,0
S07245,2,0
S07246,0,1
S07247,1,3
S07248,2,0
S07249,1,3
S07250,2,0
S07251,2,0
S07252,2,0
S07253,1,3
S07254,1,3
S07255,0,1
S07256,1,3
S07257,1,3
S07258,0,1
S07259,1,3
S07260,2,0
S07261,2,0
S07262,2,0
S07263,2,0
S07264,2,0
S07265,0,1
S07266,2,0
S07267,1,3
S07268,0,1
S07269,0,1
S07270,0,1
S07271,1,3
S07272,0,1
S07273,0,1
S07274,1,3
S07275,1,3
S07276,0,1
S07277,2,0
S07278,1,3
S07279,0,1
S07280,2,0
S07281,2,0
S07282,2,0
S07283,0,1
S07284,0,1
S07285,0,1
S07286,1,3
S07287,1,3
S07288,0,1
S07289,0,1
S07290,2,0
S07291,0,1
S07292,0,1
S07293,0,1
S07294,0,1
S07295,0,1
S07296,1,3
S07297,2,0
S07298,1,3
S07299,0,1
S07300,2,0
S07301,1,3
S07302,0,1
S07303,0,1
S07304,1,3
S07305,2,0
S07306,1,3
S07307,0,1
S07308,1,3
S07309,1,3
S07310,2,0
S07311,1,3
S07312,2,0
S07313,2,0
S07314,0,1
S07315,0,1
S07316,0,1
S07317,2,0
S07318,0,1
S07319,0,1
S07320,1,3
S07321,2,0
S07322,0,1
S07323,1,3
S07324,1,3
S07325,2,0
S07326,0,1
S07327,1,3
S07328,0,1
S07329,2,0
S07330,1,3
S07331,2,0
S07332,1,3
S07333,2,0
S07334,2,0
S07335,0,1
S07336,1,3
S07337,2,0
S07338,2,0
S07339,0,1
S07340,1,3
S07341,0,1
S07342,1,3
S07343,2,0
S07344,0,1
S07345,2,0
S07346,0,1
S07347,0,1
S07348,2,0
S07349,0,1
S07350,1,3
S07351,1,3
S07352,1,3
S07353,2,0
S07354,1,3
S07355,1,3
S07356,2,0
S07357,0,1
S07358,0,1
S07359,2,0
S07360,2,0
S07361,0,1
S07362,1,3
S07363,0,1
S07364,2,0
S07365,0,1
S07366,0,1
S07367,0,1
S07368,1,3
S07369,1,3
S07370,1,3
S07371,0,1
S07372,1,3
S07373,1,3
S07374,0,1
S07375,1,3
S07376,0,1
S07377,1,3
S07378,0,1
S07379,2,0
S07380,0,1
S07381,0,1
S07382,0,1
S07383,1,3
S07384,1,3
S07385,1,3
S07386,2,0
S07387,0,1
S07388,2,0
S07389,1,3
S07390,2,0
S07391,2,0
S07392,1,3
S07393,1,3
S07394,0,1
S07395,0,1
S07396,0,1
S07397,0,1
S07398,0,1
S07399,0,1
S07400,0,1
S07401,0,1
S07402,0,1
S07403,0,1
S07404,0,1
S07405,0,1
S07406,0,1
S07407,0,1
S07408,2,0
S07409,0,1
S07410,1,3
S07411,1,3
S07412,0,1
S07413,2,0
S07414,0,1
S07415,1,3
S07416,0,1
S07417,2,0
S07418,0,1
S07419,0,1
S07420,1,3
S07421,0,1
S07422,0,1
S07423,2,0
S07424,2,0
S07425,1,3
S07426,1,3
S07427,1,3
S07428,0,1
S07429,0,1
S07430,2,0
S07431,1,3
S07432,0,1
S07433,0,1
S07434,0,1
S07435,0,1
S07436,2,0
S07437,0,1
S07438,2,0
S07439,0,1
S07440,0,1
S07441,0,1
S07442,1,3
S07443,2,0
S07444,0,1
S07445,0,1
S07446,2,0
S07447,0,1
S07448,0,1
S07449,2,0
S07450,0,1
S07451,2,0
S07452,1,3
S07453,2,0
S07454,1,3
S07455,1,3
S07456,2,0
S07457,1,3
S07458,1,3
S07459,0,1
S07460,1,3
S07461,0,1
S07462,0,1
S07463,2,0
S07464,2,0
S07465,1,3
S07466,1,3
S07467,0,1
S07468,2,0
S07469,2,0
S07470,1,3
S07471,1,3
S07472,2,0
S07473,2,0
S07474,0,1
S07475,2,0
S07476,0,1
S07477,1,3
S07478,0,1
S07479,2,0
S07480,0,1
S07481,2,0
S07482,2,0
S07483,0,1
S07484,0,1
S07485,2,0
S07486,0,1
S07487,2,0
S07488,2,0
S07489,0,1
S07490,0,1
S07491,1,3
S07492,1,3
S07493,0,1
S07494,1,3
S07495,0,1
S07496,1,3
S07497,1,3
S07498,0,1
S07499,2,0
S07500,0,1
S07501,2,0
S07502,0,1
S07503,0,1
S07504,1,3
S07505,1,3
S07506,2,0
S07507,2,0
S07508,0,1
S07509,0,1
S07510,0,1
S07511,0,1
S07512,0,1
S07513,1,3
S07514,1,3
S07515,1,3
S07516,2,0
S07517,0,1
S07518,2,0
S07519,2,0
S07520,0,1
S07521,2,0
S07522,1,3
S07523,0,1
S07524,0,1
S07525,2,0
S07526,2,0
S07527,2,0
S07528,2,0
S07529,0,1
S07530,0,1
S07531,1,3
S07532,1,3
S07533,2,0
S07534,2,0
S07535,2,0
S07536,2,0
S07537,0,1
S07538,1,3
S07539,0,1
S07540,0,1
S07541,1,3
S07542,2,0
S07543,1,3
S07544,0,1
S07545,0,1
S07546,1,3
S07547,0,1
S07548,0,1
S07549,1,3
S07550,0,1
S07551,0,1
S07552,0,1
S07553,1,3
S07554,0,1
S07555,1,3
S07556,0,1
S07557,2,0
S07558,0,1
S07559,0,1
S07560,1,3
S07561,2,0
S07562,0,1
S07563,2,0
S07564,0,1
S07565,2,0
S07566,1,3
S07567,0,1
S07568,2,0
S07569,0,1
S07570,0,1
S07571,0,1
S07572,0,1
S07573,0,1
S07574,0,1
S07575,2,0
S07576,2,0
S07577,1,3
S07578,0,1
S07579,2,0
S07580,2,0
S07581,0,1
S07582,1,3
S07583,1,3
S07584,2,0
S07585,0,1
S07586,1,3
S07587,0,1
S07588,0,1
S07589,1,3
S07590,0,1
S07591,1,3
S07592,0,1
S07593,0,1
S07594,1,3
S07595,2,0
S07596,2,0
S07597,2,0
S07598,0,1
S07599,0,1
S07600,2,0
S07601,1,3
S07602,1,3
S07603,0,1
S07604,2,0
S07605,2,0
S07606,2,0
S07607,0,1
S07608,2,0
S07609,2,0
S07610,2,0
S07611,2,0
S07612,1,3
S07613,2,0
S07614,1,3
S07615,0,1
S07616,0,1
S07617,2,0
S07618,1,3
S07619,1,3
S07620,0,1
S07621,2,0
S07622,0,1
S07623,1,3
S07624,0,1
S07625,2,0
S07626,2,0
S07627,0,1
S07628,1,3
S07629,0,1
S07630,0,1
S07631,2,0
S07632,2,0
S07633,1,3
S07634,2,0
S07635,1,3
S07636,2,0
S07637,2,0
S07638,2,0
S07639,1,3
S07640,0,1
S07641,1,3
S07642,0,1
S07643,0,1
S07644,0,1
S07645,1,3
S07646,0,1
S07647,2,0
S07648,1,3
S07649,1,3
S07650,2,0
S07651,0,1
S07652,1,3
S07653,0,1
S07654,2,0
S07655,1,3
S07656,0,1
S07657,1,3
S07658,1,3
S07659,0,1
S07660,1,3
S07661,1,3
S07662,1,3
S07663,0,1
S07664,2,0
S07665,1,3
S07666,1,3
S07667,0,1
S07668,1,3
S07669,2,0
S07670,2,0
S07671,0,1
S07672,0,1
S07673,2,0
S07674,0,1
S07675,2,0
S07676,0,1
S07677,0,1
S07678,0,1
S07679,0,1
S07680,0,1
S07681,0,1
S07682,1,3
S07683,1,3
S07684,2,0
S07685,0,1
S07686,0,1
S07687,0,1
S07688,0,1
S07689,0,1
S07690,0,1
S07691,1,3
S07692,1,3
S07693,2,0
S07694,0,1
S07695,0,1
S07696,0,1
S07697,1,3
S07698,1,3
S07699,0,1
S07700,2,0
S07701,0,1
S07702,0,1
S07703,0,1
S07704,2,0
S07705,1,3
S07706,1,3
S07707,2,0
S07708,2,0
S07709,0,1
S07710,1,3
S07711,0,1
S07712,0,1
S07713,1,3
S07714,0,1
S07715,0,1
S07716,0,1
S07717,2,0
S07718,0,1
S07719,1,3
S07720,0,1
S07721,0,1
S07722,0,1
S07723,1,3
S07724,0,1
S07725,1,3
S07726,2,0
S07727,2,0
S07728,1,3
S07729,0,1
S07730,2,0
S07731,0,1
S07732,1,3
S07733,2,0
S07734,1,3
S07735,0,1
S07736,2,0
S07737,0,1
S07738,0,1
S07739,0,1
S07740,0,1
S07741,0,1
S07742,2,0
S07743,0,1
S07744,2,0
S07745,0,1
S07746,1,3
S07747,1,3
S07748,1,3
S07749,1,3
S07750,2,0
S07751,1,3
S07752,1,3
S07753,1,3
S07754,1,3
S07755,0,1
S07756,2,0
S07757,2,0
S07758,0,1
S07759,1,3
S07760,0,1
S07761,0,1
S07762,1,3
S07763,1,3
S07764,0,1
S07765,1,3
S07766,2,0
S07767,2,0
S07768,0,1
S07769,1,3
S07770,2,0
S07771,0,1
S07772,2,0
S07773,1,3
S07774,2,0
S07775,2,0
S07776,1,3
S07777,2,0
S07778,0,1
S07779,0,1
S07780,0,1
S07781,2,0
S07782,0,1
S07783,2,0
S07784,1,3
S07785,1,3
S07786,2,0
S07787,0,1
S07788,0,1
S07789,0,1
S07790,1,3
S07791,1,3
S07792,1,3
S07793,2,0
S07794,1,3
S07795,0,1
S07796,1,3
S07797,0,1
S07798,0,1
S07799,0,1
S07800,1,3
S07801,0,1
S07802,1,3
S07803,1,3
S07804,1,3
S07805,1,3
S07806,2,0
S07807,1,3
S07808,0,1
S07809,2,0
S07810,2,0
S07811,0,1
S07812,1,3
S07813,0,1
S07814,0,1
S07815,0,1
S07816,2,0
S07817,0,1
S07818,1,3
S07819,2,0
S07820,0,1
S07821,0,1
S07822,0,1
S07823,0,1
S07824,1,3
S07825,2,0
S07826,2,0
S07827,2,0
S07828,1,3
S07829,1,3
S07830,1,3
S07831,0,1
S07832,1,3
S07833,0,1
S07834,0,1
S07835,2,0
S07836,2,0
S07837,0,1
S07838,1,3
S07839,2,0
S07840,0,1
S07841,1,3
S07842,0,1
S07843,2,0
S07844,0,1
S07845,0,1
S07846,0,1
S07847,1,3
S07848,2,0
S07849,2,0
S07850,1,3
S07851,1,3
S07852,1,3
S07853,1,3
S07854,0,1
S07855,0,1
S07856,2,0
S07857,1,3
S07858,2,0
S07859,0,1
S07860,2,0
S07861,1,3
S07862,2,0
S07863,2,0
S07864,0,1
S07865,0,1
S07866,0,1
S07867,1,3
S07868,2,0
S07869,0,1
S07870,2,0
S07871,0,1
S07872,0,1
S07873,2,0
S07874,2,0
S07875,2,0
S07876,0,1
S07877,2,0
S07878,1,3
S07879,0,1
S07880,2,0
S07881,1,3
S07882,1,3
S07883,1,3
S07884,1,3
S07885,0,1
S07886,0,1
S07887,2,0
S07888,0,1
S07889,0,1
S07890,0,1
S07891,2,0
S07892,0,1
S07893,2,0
S07894,1,3
S07895,0,1
S07896,2,0
S07897,2,0
S07898,0,1
S07899,1,3
S07900,0,1
S07901,2,0
S07902,0,1
S07903,0,1
S07904,0,1
S07905,0,1
S07906,0,1
S07907,1,3
S07908,0,1
S07909,1,3
S07910,1,3
S07911,1,3
S07912,1,3
S07913,2,0
S07914,2,0
S07915,1,3
S07916,1,3
S07917,1,3
S07918,1,3
S07919,1,3
S07920,1,3
S07921,0,1
S07922,0,1
S07923,2,0
S07924,0,1
S07925,2,0
S07926,0,1
S07927,0,1
S07928,2,0
S07929,0,1
S07930,2,0
S07931,2,0
S07932,0,1
S07933,0,1
S07934,2,0
S07935,0,1
S07936,0,1
S07937,0,1
S07938,1,3
S07939,0,1
S07940,0,1
S07941,1,3
S07942,0,1
S07943,1,3
S07944,0,1
S07945,2,0
S07946,1,3
S07947,2,0
S07948,0,1
S07949,0,1
S07950,0,1
S07951,0,1
S07952,0,1
S07953,2,0
S07954,0,1
S07955,2,0
S07956,2,0
S07957,1,3
S07958,0,1
S07959,1,3
S07960,0,1
S07961,0,1
S07962,2,0
S07963,0,1
S07964,0,1
S07965,0,1
S07966,0,1
S07967,0,1
S07968,0,1
S07969,0,1
S07970,2,0
S07971,1,3
S07972,2,0
S07973,0,1
S07974,2,0
S07975,0,1
S07976,1,3
S07977,2,0
S07978,0,1
S07979,0,1
S07980,2,0
S07981,0,1
S07982,0,1
S07983,0,1
S07984,1,3
S07985,0,1
S07986,0,1
S07987,2,0
S07988,1,3
S07989,2,0
S07990,0,1
S07991,0,1
S07992,0,1
S07993,2,0
S07994,0,1
S07995,2,0
S07996,0,1
S07997,2,0
S07998,1,3
S07999,0,1
S08000,2,0
S08001,2,0
S08002,0,1
S08003,2,0
S08004,2,0
S08005,1,3
S08006,0,1
S08007,1,3
S08008,1,3
S08009,2,0
S08010,0,1
S08011,1,3
S08012,0,1
S08013,1,3
S08014,1,3
S08015,0,1
S08016,2,0
S08017,1,3
S08018,1,3
S08019,0,1
S08020,1,3
S08021,1,3
S08022,2,0
S08023,0,1
S08024,0,1
S08025,0,1
S08026,2,0
S08027,0,1
S08028,0,1
S08029,1,3
S08030,2,0
S08031,1,3
S08032,1,3
S08033,0,1
S08034,1,3
S08035,0,1
S08036,0,1
S08037,1,3
S08038,0,1
S08039,0,1
S08040,0,1
S08041,0,1
S08042,1,3
S08043,2,0
S08044,2,0
S08045,2,0
S08046,0,1
S08047,0,1
S08048,0,1
S08049,0,1
S08050,1,3
S08051,0,1
S08052,1,3
S08053,0,1
S08054,2,0
S08055,2,0
S08056,0,1
S08057,0,1
S08058,1,3
S08059,1,3
S08060,2,0
S08061,1,3
S08062,2,0
S08063,2,0
S08064,1,3
S08065,0,1
S08066,0,1
S08067,1,3
S08068,1,3
S08069,2,0
S08070,2,0
S08071,1,3
S08072,0,1
S08073,2,0
S08074,0,1
S08075,1,3
S08076,0,1
S08077,0,1
S08078,0,1
S08079,2,0
S08080,2,0
S08081,0,1
S08082,0,1
S08083,2,0
S08084,1,3
S08085,1,3
S08086,0,1
S08087,0,1
S08088,0,1
S08089,2,0
S08090,1,3
S08091,0,1
S08092,0,1
S08093,0,1
S08094,0,1
S08095,0,1
S08096,0,1
S08097,1,3
S08098,1,3
S08099,1,3
S08100,1,3
S08101,1,3
S08102,0,1
S08103,0,1
S08104,1,3
S08105,0,1
S08106,1,3
S08107,2,0
S08108,0,1
S08109,0,1
S08110,2,0
S08111,2,0
S08112,1,3
S08113,1,3
S08114,1,3
S08115,1,3
S08116,1,3
S08117,1,3
S08118,2,0
S08119,0,1
S08120,1,3
S08121,1,3
S08122,0,1
S08123,1,3
S08124,0,1
S08125,1,3
S08126,2,0
S08127,1,3
S08128,0,1
S08129,0,1
S08130,2,0
S08131,0,1
S08132,0,1
S08133,0,1
S08134,2,0
S08135,2,0
S08136,0,1
S08137,2,0
S08138,1,3
S08139,0,1
S08140,0,1
S08141,1,3
S08142,1,3
S08143,0,1
S08144,0,1
S08145,2,0
S08146,1,3
S08147,1,3
S08148,0,1
S08149,0,1
S08150,0,1
S08151,0,1
S08152,0,1
S08153,2,0
S08154,0,1
S08155,0,1
S08156,1,3
S08157,1,3
S08158,2,0
S08159,0,1
S08160,2,0
S08161,1,3
S08162,0,1
S08163,1,3
S08164,2,0
S08165,2,0
S08166,1,3
S08167,1,3
S08168,1,3
S08169,2,0
S08170,2,0
S08171,0,1
S08172,2,0
S08173,1,3
S08174,1,3
S08175,2,0
S08176,1,3
S08177,1,3
S08178,2,0
S08179,0,1
S08180,0,1
S08181,0,1
S08182,0,1
S08183,1,3
S08184,2,0
S08185,2,0
S08186,1,3
S08187,0,1
S08188,2,0
S08189,1,3
S08190,2,0
S08191,2,0
S08192,1,3
S08193,0,1
S08194,0,1
S08195,1,3
S08196,1,3
S08197,1,3
S08198,0,1
S08199,0,1
S08200,1,3
S08201,2,0
S08202,1,3
S08203,2,0
S08204,1,3
S08205,0,1
S08206,0,1
S08207,2,0
S08208,2,0
S08209,0,1
S08210,1,3
S08211,0,1
S08212,1,3
S08213,0,1
S08214,2,0
S08215,2,0
S08216,1,3
S08217,0,1
S08218,0,1
S08219,0,1
S08220,0,1
S08221,0,1
S08222,1,3
S08223,2,0
S08224,0,1
S08225,0,1
S08226,1,3
S08227,2,0
S08228,0,1
S08229,2,0
S08230,1,3
S08231,2,0
S08232,2,0
S08233,0,1
S08234,1,3
S08235,1,3
S08236,0,1
S08237,2,0
S08238,0,1
S08239,0,1
S08240,0,1
S08241,0,1
S08242,1,3
S08243,0,1
S08244,0,1
S08245,0,1
S08246,1,3
S08247,1,3
S08248,2,0
S08249,0,1
S08250,2,0
S08251,2,0
S08252,1,3
S08253,2,0
S08254,2,0
S08255,1,3
S08256,0,1
S08257,2,0
S08258,2,0
S08259,0,1
S08260,1,3
S08261,0,1
S08262,1,3
S08263,1,3
S08264,1,3
S08265,1,3
S08266,0,1
S08267,2,0
S08268,0,1
S08269,1,3
S08270,2,0
S08271,1,3
S08272,2,0
S08273,2,0
S08274,1,3
S08275,0,1
S08276,0,1
S08277,1,3
S08278,2,0
S08279,0,1
S08280,1,3
S08281,2,0
S08282,0,1
S08283,2,0
S08284,1,3
S08285,2,0
S08286,0,1
S08287,1,3
S08288,2,0
S08289,1,3
S08290,0,1
S08291,0,1
S08292,0,1
S08293,1,3
S08294,0,1
S08295,2,0
S08296,0,1
S08297,2,0
S08298,0,1
S08299,1,3
S08300,2,0
S08301,0,1
S08302,2,0
S08303,2,0
S08304,1,3
S08305,2,0
S08306,0,1
S08307,1,3
S08308,1,3
S08309,0,1
S08310,1,3
S08311,1,3
S08312,2,0
S08313,2,0
S08314,0,1
S08315,0,1
S08316,1,3
S08317,2,0
S08318,0,1
S08319,1,3
S08320,0,1
S08321,1,3
S08322,0,1
S08323,1,3
S08324,1,3
S08325,2,0
S08326,2,0
S08327,0,1
S08328,2,0
S08329,2,0
S08330,1,3
S08331,1,3
S08332,2,0
S08333,1,3
S08334,0,1
S08335,0,1
S08336,0,1
S08337,0,1
S08338,0,1
S08339,2,0
S08340,2,0
S08341,1,3
S08342,2,0
S08343,0,1
S08344,0,1
S08345,2,0
S08346,0,1
S08347,0,1
S08348,1,3
S08349,1,3
S08350,1,3
S08351,0,1
S08352,0,1
S08353,1,3
S08354,0,1
S08355,2,0
S08356,0,1
S08357,0,1
S08358,1,3
S08359,0,1
S08360,0,1
S08361,0,1
S08362,0,1
S08363,1,3
S08364,2,0
S08365,1,3
S08366,1,3
S08367,0,1
S08368,0,1
S08369,0,1
S08370,2,0
S08371,1,3
S08372,2,0
S08373,1,3
S08374,1,3
S08375,1,3
S08376,2,0
S08377,0,1
S08378,0,1
S08379,0,1
S08380,2,0
S08381,0,1
S08382,1,3
S08383,2,0
S08384,2,0
S08385,2,0
S08386,2,0
S08387,1,3
S08388,2,0
S08389,1,3
S08390,0,1
S08391,2,0
S08392,1,3
S08393,2,0
S08394,0,1
S08395,2,0
S08396,0,1
S08397,1,3
S08398,0,1
S08399,1,3
S08400,1,3
S08401,1,3
S08402,1,3
S08403,1,3
S08404,0,1
S08405,1,3
S08406,1,3
S08407,1,3
S08408,0,1
S08409,2,0
S08410,1,3
S08411,0,1
S08412,1,3
S08413,0,1
S08414,0,1
S08415,0,1
S08416,0,1
S08417,0,1
S08418,0,1
S08419,1,3
S08420,0,1
S08421,0,1
S08422,0,1
S08423,2,0
S08424,0,1
S08425,0,1
S08426,0,1
S08427,2,0
S08428,1,3
S08429,0,1
S08430,0,1
S08431,0,1
S08432,1,3
S08433,0,1
S08434,2,0
S08435,1,3
S08436,1,3
S08437,2,0
S08438,0,1
S08439,1,3
S08440,2,0
S08441,0,1
S08442,2,0
S08443,2,0
S08444,0,1
S08445,1,3
S08446,0,1
S08447,0,1
S08448,1,3
S08449,2,0
S08450,0,1
S08451,0,1
S08452,1,3
S08453,1,3
S08454,1,3
S08455,1,3
S08456,1,3
S08457,2,0
S08458,0,1
S08459,0,1
S08460,1,3
S08461,2,0
S08462,1,3
S08463,1,3
S08464,0,1
S08465,2,0
S08466,1,3
S08467,2,0
S08468,0,1
S08469,0,1
S08470,1,3
S08471,2,0
S08472,2,0
S08473,1,3
S08474,0,1
S08475,0,1
S08476,0,1
S08477,1,3
S08478,1,3
S08479,1,3
S08480,2,0
S08481,0,1
S08482,1,3
S08483,1,3
S08484,0,1
S08485,2,0
S08486,2,0
S08487,2,0
S08488,0,1
S08489,2,0
S08490,1,3
S08491,0,1
S08492,0,1
S08493,2,0
S08494,0,1
S08495,0,1
S08496,1,3
S08497,0,1
S08498,0,1
S08499,0,1
S08500,2,0
S08501,0,1
S08502,0,1
S08503,0,1
S08504,0,1
S08505,2,0
S08506,0,1
S08507,1,3
S08508,2,0
S08509,2,0
S08510,1,3
S08511,1,3
S08512,0,1
S08513,0,1
S08514,0,1
S08515,0,1
S08516,2,0
S08517,2,0
S08518,1,3
S08519,1,3
S08520,1,3
S08521,2,0
S08522,2,0
S08523,1,3
S08524,1,3
S08525,2,0
S08526,0,1
S08527,0,1
S08528,2,0
S08529,0,1
S08530,1,3
S08531,0,1
S08532,2,0
S08533,2,0
S08534,1,3
S08535,1,3
S08536,1,3
S08537,1,3
S08538,0,1
S08539,2,0
S08540,2,0
S08541,0,1
S08542,1,3
S08543,2,0
S08544,1,3
S08545,1,3
S08546,0,1
S08547,1,3
S08548,2,0
S08549,2,0
S08550,0,1
S08551,2,0
S08552,0,1
S08553,2,0
S08554,0,1
S08555,2,0
S08556,1,3
S08557,2,0
S08558,2,0
S08559,2,0
S08560,1,3
S08561,1,3
S08562,0,1
S08563,1,3
S08564,0,1
S08565,2,0
S08566,1,3
S08567,1,3
S08568,1,3
S08569,1,3
S08570,1,3
S08571,2,0
S08572,1,3
S08573,1,3
S08574,2,0
S08575,0,1
S08576,1,3
S08577,0,1
S08578,0,1
S08579,0,1
S08580,1,3
S08581,0,1
S08582,1,3
S08583,0,1
S08584,0,1
S08585,0,1
S08586,0,1
S08587,2,0
S08588,2,0
S08589,1,3
S08590,0,1
S08591,0,1
S08592,1,3
S08593,2,0
S08594,2,0
S08595,2,0
S08596,1,3
S08597,1,3
S08598,0,1
S08599,2,0
S08600,0,1
S08601,2,0
S08602,1,3
S08603,2,0
S08604,1,3
S08605,0,1
S08606,1,3
S08607,0,1
S08608,0,1
S08609,1,3
S08610,1,3
S08611,0,1
S08612,2,0
S08613,0,1
S08614,1,3
S08615,2,0
S08616,0,1
S08617,0,1
S08618,0,1
S08619,0,1
S08620,2,0
S08621,2,0
S08622,1,3
S08623,0,1
S08624,0,1
S08625,1,3
S08626,1,3
S08627,0,1
S08628,0,1
S08629,1,3
S08630,0,1
S08631,1,3
S08632,2,0
S08633,0,1
S08634,1,3
S08635,1,3
S08636,0,1
S08637,1,3
S08638,1,3
S08639,1,3
S08640,1,3
S08641,1,3
S08642,1,3
S08643,0,1
S08644,1,3
S08645,0,1
S08646,1,3
S08647,2,0
S08648,1,3
S08649,1,3
S08650,0,1
S08651,2,0
S08652,0,1
S08653,0,1
S08654,0,1
S08655,1,3
S08656,2,0
S08657,0,1
S08658,0,1
S08659,1,3
S08660,1,3
S08661,2,0
S08662,0,1
S08663,1,3
S08664,2,0
S08665,1,3
S08666,0,1
S08667,1,3
S08668,2,0
S08669,1,3
S08670,0,1
S08671,2,0
S08672,1,3
S08673,2,0
S08674,1,3
S08675,0,1
S08676,0,1
S08677,2,0
S08678,2,0
S08679,1,3
S08680,1,3
S08681,0,1
S08682,1,3
S08683,0,1
S08684,1,3
S08685,1,3
S08686,0,1
S08687,0,1
S08688,1,3
S08689,1,3
S08690,1,3
S08691,0,1
S08692,0,1
S08693,1,3
S08694,0,1
S08695,1,3
S08696,1,3
S08697,0,1
S08698,2,0
S08699,0,1
S08700,2,0
S08701,0,1
S08702,1,3
S08703,2,0
S08704,0,1
S08705,0,1
S08706,1,3
S08707,2,0
S08708,0,1
S08709,2,0
S08710,1,3
S08711,0,1
S08712,1,3
S08713,1,3
S08714,0,1
S08715,1,3
S08716,0,1
S08717,0,1
S08718,1,3
S08719,1,3
S08720,2,0
S08721,0,1
S08722,0,1
S08723,2,0
S08724,1,3
S08725,1,3
S08726,1,3
S08727,1,3
S08728,0,1
S08729,1,3
S08730,0,1
S08731,1,3
S08732,1,3
S08733,2,0
S08734,1,3
S08735,1,3
S08736,1,3
S08737,2,0
S08738,0,1
S08739,2,0
S08740,2,0
S08741,2,0
S08742,2,0
S08743,1,3
S08744,1,3
S08745,0,1
S08746,1,3
S08747,1,3
S08748,0,1
S08749,0,1
S08750,1,3
S08751,0,1
S08752,1,3
S08753,0,1
S08754,2,0
S08755,0,1
S08756,1,3
S08757,2,0
S08758,2,0
S08759,2,0
S08760,2,0
S08761,0,1
S08762,1,3
S08763,0,1
S08764,2,0
S08765,1,3
S08766,0,1
S08767,0,1
S08768,0,1
S08769,1,3
S08770,1,3
S08771,0,1
S08772,0,1
S08773,0,1
S08774,1,3
S08775,2,0
S08776,0,1
S08777,0,1
S08778,0,1
S08779,1,3
S08780,0,1
S08781,0,1
S08782,2,0
S08783,2,0
S08784,0,1
S08785,0,1
S08786,1,3
S08787,0,1
S08788,0,1
S08789,1,3
S08790,2,0
S08791,2,0
S08792,1,3
S08793,1,3
S08794,2,0
S08795,1,3
S08796,1,3
S08797,1,3
S08798,2,0
S08799,0,1
S08800,1,3
S08801,1,3
S08802,0,1
S08803,2,0
S08804,0,1
S08805,0,1
S08806,0,1
S08807,1,3
S08808,0,1
S08809,0,1
S08810,0,1
S08811,2,0
S08812,1,3
S08813,0,1
S08814,1,3
S08815,0,1
S08816,1,3
S08817,0,1
S08818,0,1
S08819,0,1
S08820,1,3
S08821,2,0
S08822,0,1
S08823,1,3
S08824,0,1
S08825,0,1
S08826,2,0
S08827,0,1
S08828,2,0
S08829,2,0
S08830,0,1
S08831,1,3
S08832,1,3
S08833,0,1
S08834,2,0
S08835,0,1
S08836,0,1
S08837,0,1
S08838,2,0
S08839,0,1
S08840,0,1
S08841,1,3
S08842,2,0
S08843,2,0
S08844,2,0
S08845,0,1
S08846,1,3
S08847,1,3
S08848,2,0
S08849,2,0
S08850,1,3
S08851,0,1
S08852,0,1
S08853,2,0
S08854,0,1
S08855,0,1
S08856,0,1
S08857,0,1
S08858,0,1
S08859,2,0
S08860,1,3
S08861,0,1
S08862,1,3
S08863,0,1
S08864,1,3
S08865,2,0
S08866,1,3
S08867,0,1
S08868,0,1
S08869,2,0
S08870,1,3
S08871,2,0
S08872,0,1
S08873,2,0
S08874,0,1
S08875,0,1
S08876,1,3
S08877,0,1
S08878,0,1
S08879,2,0
S08880,1,3
S08881,0,1
S08882,2,0
S08883,2,0
S08884,1,3
S08885,2,0
S08886,2,0
S08887,2,0
S08888,0,1
S08889,2,0
S08890,2,0
S08891,1,3
S08892,2,0
S08893,0,1
S08894,0,1
S08895,2,0
S08896,2,0
S08897,1,3
S08898,1,3
S08899,1,3
S08900,1,3
S08901,1,3
S08902,0,1
S08903,1,3
S08904,2,0
S08905,2,0
S08906,0,1
S08907,1,3
S08908,1,3
S08909,1,3
S08910,0,1
S08911,0,1
S08912,0,1
S08913,0,1
S08914,1,3
S08915,1,3
S08916,1,3
S08917,2,0
S08918,1,3
S08919,1,3
S08920,2,0
S08921,2,0
S08922,1,3
S08923,2,0
S08924,1,3
S08925,0,1
S08926,1,3
S08927,1,3
S08928,1,3
S08929,2,0
S08930,1,3
S08931,2,0
S08932,1,3
S08933,1,3
S08934,2,0
S08935,2,0
S08936,2,0
S08937,1,3
S08938,1,3
S08939,0,1
S08940,1,3
S08941,2,0
S08942,1,3
S08943,2,0
S08944,0,1
S08945,1,3
S08946,0,1
S08947,1,3
S08948,0,1
S08949,1,3
S08950,2,0
S08951,0,1
S08952,1,3
S08953,0,1
S08954,1,3
S08955,2,0
S08956,0,1
S08957,1,3
S08958,2,0
S08959,0,1
S08960,2,0
S08961,1,3
S08962,1,3
S08963,2,0
S08964,2,0
S08965,2,0
S08966,0,1
S08967,0,1
S08968,0,1
S08969,0,1
S08970,1,3
S08971,2,0
S08972,1,3
S08973,2,0
S08974,2,0
S08975,1,3
S08976,2,0
S08977,0,1
S08978,0,1
S08979,1,3
S08980,0,1
S08981,0,1
S08982,2,0
S08983,2,0
S08984,0,1
S08985,1,3
S08986,1,3
S08987,2,0
S08988,1,3
S08989,0,1
S08990,2,0
S08991,1,3
S08992,0,1
S08993,0,1
S08994,2,0
S08995,0,1
S08996,1,3
S08997,1,3
S08998,1,3
S08999,0,1
S09000,0,1
S09001,2,0
S09002,0,1
S09003,1,3
S09004,2,0
S09005,2,0
S09006,0,1
S09007,1,3
S09008,1,3
S09009,2,0
S09010,0,1
S09011,2,0
S09012,0,1
S09013,0,1
S09014,0,1
S09015,1,3
S09016,2,0
S09017,2,0
S09018,0,1
S09019,0,1
S09020,1,3
S09021,2,0
S09022,0,1
S09023,1,3
S09024,0,1
S09025,0,1
S09026,2,0
S09027,1,3
S09028,2,0
S09029,0,1
S09030,0,1
S09031,1,3
S09032,2,0
S09033,1,3
S09034,2,0
S09035,0,1
S09036,0,1
S09037,0,1
S09038,1,3
S09039,2,0
S09040,2,0
S09041,0,1
S09042,1,3
S09043,2,0
S09044,0,1
S09045,2,0
S09046,1,3
S09047,0,1
S09048,1,3
S09049,2,0
S09050,2,0
S09051,1,3
S09052,0,1
S09053,2,0
S09054,0,1
S09055,1,3
S09056,2,0
S09057,1,3
S09058,0,1
S09059,0,1
S09060,0,1
S09061,0,1
S09062,0,1
S09063,0,1
S09064,2,0
S09065,0,1
S09066,0,1
S09067,0,1
S09068,0,1
S09069,0,1
S09070,2,0
S09071,0,1
S09072,2,0
S09073,0,1
S09074,2,0
S09075,0,1
S09076,0,1
S09077,1,3
S09078,0,1
S09079,2,0
S09080,2,0
S09081,0,1
S09082,0,1
S09083,2,0
S09084,0,1
S09085,2,0
S09086,2,0
S09087,1,3
S09088,1,3
S09089,0,1
S09090,0,1
S09091,1,3
S09092,1,3
S09093,0,1
S09094,0,1
S09095,0,1
S09096,0,1
S09097,1,3
S09098,2,0
S09099,2,0
S09100,0,1
S09101,1,3
S09102,1,3
S09103,1,3
S09104,2,0
S09105,1,3
S09106,0,1
S09107,0,1
S09108,0,1
S09109,0,1
S09110,2,0
S09111,0,1
S09112,1,3
S09113,2,0
S09114,2,0
S09115,2,0
S09116,2,0
S09117,2,0
S09118,0,1
S09119,0,1
S09120,2,0
S09121,1,3
S09122,2,0
S09123,0,1
S09124,0,1
S09125,1,3
S09126,2,0
S09127,0,1
S09128,1,3
S09129,0,1
S09130,1,3
S09131,1,3
S09132,0,1
S09133,1,3
S09134,0,1
S09135,2,0
S09136,0,1
S09137,0,1
S09138,0,1
S09139,2,0
S09140,0,1
S09141,0,1
S09142,2,0
S09143,1,3
S09144,2,0
S09145,0,1
S09146,0,1
S09147,2,0
S09148,0,1
S09149,1,3
S09150,0,1
S09151,0,1
S09152,2,0
S09153,0,1
S09154,0,1
S09155,1,3
S09156,0,1
S09157,0,1
S09158,0,1
S09159,0,1
S09160,0,1
S09161,0,1
S09162,0,1
S09163,1,3
S09164,0,1
S09165,1,3
S09166,0,1
S09167,0,1
S09168,1,3
S09169,2,0
S09170,2,0
S09171,0,1
S09172,0,1
S09173,0,1
S09174,0,1
S09175,2,0
S09176,1,3
S09177,2,0
S09178,0,1
S09179,0,1
S09180,2,0
S09181,1,3
S09182,0,1
S09183,1,3
S09184,2,0
S09185,2,0
S09186,1,3
S09187,1,3
S09188,0,1
S09189,1,3
S09190,0,1
S09191,1,3
S09192,0,1
S09193,2,0
S09194,2,0
S09195,2,0
S09196,1,3
S09197,1,3
S09198,0,1
S09199,2,0
S09200,1,3
S09201,0,1
S09202,0,1
S09203,2,0
S09204,0,1
S09205,1,3
S09206,1,3
S09207,0,1
S09208,0,1
S09209,2,0
S09210,2,0
S09211,0,1
S09212,1,3
S09213,0,1
S09214,1,3
S09215,2,0
S09216,0,1
S09217,0,1
S09218,0,1
S09219,1,3
S09220,1,3
S09221,2,0
S09222,1,3
S09223,0,1
S09224,2,0
S09225,0,1
S09226,1,3
S09227,2,0
S09228,1,3
S09229,2,0
S09230,0,1
S09231,1,3
S09232,2,0
S09233,2,0
S09234,1,3
S09235,2,0
S09236,2,0
S09237,0,1
S09238,0,1
S09239,0,1
S09240,0,1
S09241,0,1
S09242,0,1
S09243,1,3
S09244,1,3
S09245,1,3
S09246,2,0
S09247,0,1
S09248,0,1
S09249,1,3
S09250,0,1
S09251,2,0
S09252,0,1
S09253,0,1
S09254,2,0
S09255,0,1
S09256,2,0
S09257,0,1
S09258,0,1
S09259,0,1
S09260,2,0
S09261,1,3
S09262,2,0
S09263,1,3
S09264,1,3
S09265,1,3
S09266,2,0
S09267,1,3
S09268,0,1
S09269,2,0
S09270,0,1
S09271,2,0
S09272,2,0
S09273,0,1
S09274,0,1
S09275,1,3
S09276,1,3
S09277,2,0
S09278,1,3
S09279,0,1
S09280,1,3
S09281,1,3
S09282,0,1
S09283,0,1
S09284,2,0
S09285,0,1
S09286,1,3
S09287,0,1
S09288,2,0
S09289,2,0
S09290,0,1
S09291,0,1
S09292,0,1
S09293,0,1
S09294,1,3
S09295,0,1
S09296,2,0
S09297,0,1
S09298,2,0
S09299,0,1
S09300,0,1
S09301,2,0
S09302,0,1
S09303,1,3
S09304,2,0
S09305,0,1
S09306,0,1
S09307,0,1
S09308,1,3
S09309,2,0
S09310,0,1
S09311,0,1
S09312,1,3
S09313,2,0
S09314,0,1
S09315,1,3
S09316,0,1
S09317,2,0
S09318,1,3
S09319,1,3
S09320,2,0
S09321,2,0
S09322,2,0
S09323,0,1
S09324,1,3
S09325,0,1
S09326,2,0
S09327,1,3
S09328,1,3
S09329,2,0
S09330,2,0
S09331,0,1
S09332,1,3
S09333,1,3
S09334,0,1
S09335,1,3
S09336,1,3
S09337,0,1
S09338,0,1
S09339,2,0
S09340,2,0
S09341,0,1
S09342,2,0
S09343,0,1
S09344,2,0
S09345,0,1
S09346,1,3
S09347,1,3
S09348,1,3
S09349,0,1
S09350,1,3
S09351,0,1
S09352,0,1
S09353,0,1
S09354,1,3
S09355,1,3
S09356,2,0
S09357,2,0
S09358,2,0
S09359,1,3
S09360,0,1
S09361,0,1
S09362,0,1
S09363,1,3
S09364,0,1
S09365,2,0
S09366,0,1
S09367,0,1
S09368,2,0
S09369,1,3
S09370,1,3
S09371,0,1
S09372,0,1
S09373,0,1
S09374,1,3
S09375,1,3
S09376,0,1
S09377,1,3
S09378,0,1
S09379,2,0
S09380,1,3
S09381,0,1
S09382,1,3
S09383,1,3
S09384,0,1
S09385,0,1
S09386,2,0
S09387,2,0
S09388,2,0
S09389,2,0
S09390,1,3
S09391,0,1
S09392,0,1
S09393,2,0
S09394,0,1
S09395,0,1
S09396,1,3
S09397,0,1
S09398,1,3
S09399,1,3
S09400,1,3
S09401,1,3
S09402,2,0
S09403,2,0
S09404,2,0
S09405,2,0
S09406,2,0
S09407,1,3
S09408,1,3
S09409,1,3
S09410,1,3
S09411,1,3
S09412,1,3
S09413,0,1
S09414,2,0
S09415,0,1
S09416,0,1
S09417,1,3
S09418,1,3
S09419,2,0
S09420,0,1
S09421,1,3
S09422,1,3
S09423,1,3
S09424,0,1
S09425,1,3
S09426,1,3
S09427,1,3
S09428,0,1
S09429,0,1
S09430,0,1
S09431,2,0
S09432,2,0
S09433,1,3
S09434,0,1
S09435,1,3
S09436,0,1
S09437,1,3
S09438,1,3
S09439,2,0
S09440,1,3
S09441,2,0
S09442,0,1
S09443,1,3
S09444,1,3
S09445,1,3
S09446,2,0
S09447,2,0
S09448,1,3
S09449,2,0
S09450,0,1
S09451,1,3
S09452,1,3
S09453,1,3
S09454,2,0
S09455,2,0
S09456,2,0
S09457,0,1
S09458,0,1
S09459,1,3
S09460,1,3
S09461,1,3
S09462,1,3
S09463,2,0
S09464,0,1
S09465,2,0
S09466,1,3
S09467,1,3
S09468,2,0
S09469,0,1
S09470,0,1
S09471,1,3
S09472,1,3
S09473,0,1
S09474,0,1
S09475,1,3
S09476,1,3
S09477,2,0
S09478,2,0
S09479,0,1
S09480,0,1
S09481,1,3
S09482,1,3
S09483,2,0
S09484,0,1
S09485,0,1
S09486,0,1
S09487,0,1
S09488,0,1
S09489,2,0
S09490,2,0
S09491,1,3
S09492,0,1
S09493,1,3
S09494,0,1
S09495,1,3
S09496,0,1
S09497,0,1
S09498,1,3
S09499,2,0
S09500,1,3
S09501,2,0
S09502,1,3
S09503,1,3
S09504,0,1
S09505,0,1
S09506,2,0
S09507,0,1
S09508,1,3
S09509,0,1
S09510,0,1
S09511,2,0
S09512,2,0
S09513,1,3
S09514,0,1
S09515,2,0
S09516,0,1
S09517,1,3
S09518,2,0
S09519,1,3
S09520,0,1
S09521,1,3
S09522,0,1
S09523,0,1
S09524,2,0
S09525,2,0
S09526,1,3
S09527,1,3
S09528,1,3
S09529,1,3
S09530,1,3
S09531,2,0
S09532,2,0
S09533,1,3
S09534,2,0
S09535,1,3
S09536,0,1
S09537,1,3
S09538,0,1
S09539,1,3
S09540,2,0
S09541,2,0
S09542,1,3
S09543,2,0
S09544,0,1
S09545,1,3
S09546,1,3
S09547,2,0
S09548,0,1
S09549,0,1
S09550,1,3
S09551,2,0
S09552,2,0
S09553,1,3
S09554,2,0
S09555,0,1
S09556,0,1
S09557,1,3
S09558,1,3
S09559,0,1
S09560,1,3
S09561,0,1
S09562,1,3
S09563,2,0
S09564,2,0
S09565,1,3
S09566,1,3
S09567,2,0
S09568,2,0
S09569,1,3
S09570,0,1
S09571,1,3
S09572,1,3
S09573,0,1
S09574,2,0
S09575,0,1
S09576,0,1
S09577,0,1
S09578,1,3
S09579,1,3
S09580,1,3
S09581,2,0
S09582,0,1
S09583,1,3
S09584,2,0
S09585,2,0
S09586,0,1
S09587,0,1
S09588,0,1
S09589,1,3
S09590,2,0
S09591,1,3
S09592,1,3
S09593,2,0
S09594,2,0
S09595,0,1
S09596,1,3
S09597,1,3
S09598,0,1
S09599,1,3
S09600,0,1
S09601,1,3
S09602,0,1
S09603,1,3
S09604,2,0
S09605,1,3
S09606,2,0
S09607,2,0
S09608,0,1
S09609,2,0
S09610,1,3
S09611,1,3
S09612,1,3
S09613,2,0
S09614,1,3
S09615,1,3
S09616,2,0
S09617,1,3
S09618,0,1
S09619,2,0
S09620,1,3
S09621,2,0
S09622,2,0
S09623,0,1
S09624,2,0
S09625,1,3
S09626,2,0
S09627,1,3
S09628,2,0
S09629,0,1
S09630,2,0
S09631,1,3
S09632,0,1
S09633,1,3
S09634,2,0
S09635,0,1
S09636,0,1
S09637,1,3
S09638,2,0
S09639,0,1
S09640,0,1
S09641,2,0
S09642,0,1
S09643,2,0
S09644,2,0
S09645,0,1
S09646,1,3
S09647,1,3
S09648,2,0
S09649,1,3
S09650,2,0
S09651,0,1
S09652,0,1
S09653,1,3
S09654,0,1
S09655,1,3
S09656,1,3
S09657,2,0
S09658,1,3
S09659,1,3
S09660,1,3
S09661,0,1
S09662,2,0
S09663,0,1
S09664,1,3
S09665,1,3
S09666,2,0
S09667,2,0
S09668,0,1
S09669,0,1
S09670,0,1
S09671,0,1
S09672,0,1
S09673,2,0
S09674,0,1
S09675,0,1
S09676,1,3
S09677,2,0
S09678,2,0
S09679,0,1
S09680,0,1
S09681,1,3
S09682,0,1
S09683,0,1
S09684,1,3
S09685,1,3
S09686,0,1
S09687,2,0
S09688,0,1
S09689,1,3
S09690,1,3
S09691,2,0
S09692,0,1
S09693,0,1
S09694,1,3
S09695,1,3
S09696,0,1
S09697,1,3
S09698,0,1
S09699,0,1
S09700,0,1
S09701,1,3
S09702,0,1
S09703,2,0
S09704,2,0
S09705,1,3
S09706,2,0
S09707,2,0
S09708,0,1
S09709,1,3
S09710,0,1
S09711,0,1
S09712,2,0
S09713,1,3
S09714,1,3
S09715,2,0
S09716,1,3
S09717,0,1
S09718,0,1
S09719,0,1
S09720,0,1
S09721,1,3
S09722,0,1
S09723,0,1
S09724,0,1
S09725,0,1
S09726,1,3
S09727,0,1
S09728,1,3
S09729,0,1
S09730,0,1
S09731,2,0
S09732,0,1
S09733,0,1
S09734,2,0
S09735,0,1
S09736,1,3
S09737,2,0
S09738,0,1
S09739,2,0
S09740,2,0
S09741,0,1
S09742,0,1
S09743,2,0
S09744,1,3
S09745,0,1
S09746,1,3
S09747,2,0
S09748,0,1
S09749,0,1
S09750,1,3
S09751,1,3
S09752,2,0
S09753,0,1
S09754,2,0
S09755,1,3
S09756,2,0
S09757,1,3
S09758,0,1
S09759,0,1
S09760,2,0
S09761,1,3
S09762,1,3
S09763,2,0
S09764,0,1
S09765,0,1
S09766,0,1
S09767,2,0
S09768,1,3
S09769,2,0
S09770,0,1
S09771,1,3
S09772,1,3
S09773,0,1
S09774,2,0
S09775,0,1
S09776,2,0
S09777,0,1
S09778,1,3
S09779,0,1
S09780,1,3
S09781,0,1
S09782,1,3
S09783,1,3
S09784,0,1
S09785,1,3
S09786,0,1
S09787,2,0
S09788,1,3
S09789,1,3
S09790,0,1
S09791,1,3
S09792,1,3
S09793,2,0
S09794,1,3
S09795,1,3
S09796,2,0
S09797,1,3
S09798,0,1
S09799,0,1
S09800,0,1
S09801,0,1
S09802,1,3
S09803,0,1
S09804,1,3
S09805,0,1
S09806,1,3
S09807,1,3
S09808,2,0
S09809,0,1
S09810,0,1
S09811,0,1
S09812,0,1
S09813,1,3
S09814,0,1
S09815,1,3
S09816,1,3
S09817,1,3
S09818,1,3
S09819,0,1
S09820,0,1
S09821,2,0
S09822,0,1
S09823,2,0
S09824,1,3
S09825,0,1
S09826,0,1
S09827,0,1
S09828,1,3
S09829,2,0
S09830,0,1
S09831,0,1
S09832,2,0
S09833,0,1
S09834,0,1
S09835,1,3
S09836,2,0
S09837,0,1
S09838,2,0
S09839,0,1
S09840,2,0
S09841,1,3
S09842,1,3
S09843,1,3
S09844,2,0
S09845,0,1
S09846,1,3
S09847,0,1
S09848,0,1
S09849,0,1
S09850,2,0
S09851,0,1
S09852,1,3
S09853,2,0
S09854,0,1
S09855,0,1
S09856,2,0
S09857,2,0
S09858,1,3
S09859,1,3
S09860,1,3
S09861,0,1
S09862,2,0
S09863,1,3
S09864,2,0
S09865,1,3
S09866,2,0
S09867,0,1
S09868,1,3
S09869,2,0
S09870,1,3
S09871,1,3
S09872,1,3
S09873,1,3
S09874,0,1
S09875,2,0
S09876,0,1
S09877,2,0
S09878,1,3
S09879,1,3
S09880,1,3
S09881,2,0
S09882,2,0
S09883,1,3
S09884,0,1
S09885,1,3
S09886,2,0
S09887,1,3
S09888,2,0
S09889,2,0
S09890,2,0
S09891,2,0
S09892,0,1
S09893,1,3
S09894,0,1
S09895,0,1
S09896,1,3
S09897,0,1
S09898,1,3
S09899,1,3
S09900,0,1
S09901,0,1
S09902,0,1
S09903,1,3
S09904,2,0
S09905,1,3
S09906,0,1
S09907,2,0
S09908,0,1
S09909,1,3
S09910,0,1
S09911,2,0
S09912,1,3
S09913,0,1
S09914,1,3
S09915,0,1
S09916,0,1
S09917,1,3
S09918,1,3
S09919,1,3
S09920,0,1
S09921,0,1
S09922,0,1
S09923,0,1
S09924,0,1
S09925,2,0
S09926,2,0
S09927,0,1
S09928,2,0
S09929,1,3
S09930,1,3
S09931,1,3
S09932,2,0
S09933,0,1
S09934,0,1
S09935,1,3
S09936,0,1
S09937,2,0
S09938,0,1
S09939,0,1
S09940,1,3
S09941,2,0
S09942,1,3
S09943,1,3
S09944,2,0
S09945,1,3
S09946,0,1
S09947,0,1
S09948,1,3
S09949,1,3
S09950,2,0
S09951,2,0
S09952,2,0
S09953,0,1
S09954,1,3
S09955,0,1
S09956,0,1
S09957,0,1
S09958,0,1
S09959,1,3
S09960,2,0
S09961,2,0
S09962,1,3
S09963,0,1
S09964,0,1
S09965,2,0
S09966,0,1
S09967,2,0
S09968,0,1
S09969,0,1
S09970,0,1
S09971,1,3
S09972,0,1
S09973,0,1
S09974,2,0
S09975,0,1
S09976,2,0
S09977,2,0
S09978,1,3
S09979,1,3
S09980,2,0
S09981,0,1
S09982,1,3
S09983,2,0
S09984,1,3
S09985,2,0
S09986,0,1
S09987,0,1
S09988,2,0
S09989,0,1
S09990,1,3
S09991,0,1
S09992,1,3
S09993,1,3
S09994,1,3
S09995,1,3
S09996,1,3
S09997,0,1
S09998,0,1
S09999,0,1
S10000,0,1
